6,1,25,3,6,"AdminController::AdminController@25-30@backend\MomSite.API\Controllers\AdminController.cs","backend\MomSite.API\Controllers\AdminController.cs","AdminController::AdminController","AdminController::AdminController( ApplicationDbContext context , IImageService imageService , IConfiguration configuration)",25,30
10,4,79,1,12,"AdminController::Login@34-45@backend\MomSite.API\Controllers\AdminController.cs","backend\MomSite.API\Controllers\AdminController.cs","AdminController::Login","AdminController::Login( [ FromBody ] LoginDto loginDto)",34,45
7,1,32,0,7,"AdminController::GetCategories@48-54@backend\MomSite.API\Controllers\AdminController.cs","backend\MomSite.API\Controllers\AdminController.cs","AdminController::GetCategories","AdminController::GetCategories()",48,54
15,1,89,1,17,"AdminController::CreateCategory@57-73@backend\MomSite.API\Controllers\AdminController.cs","backend\MomSite.API\Controllers\AdminController.cs","AdminController::CreateCategory","AdminController::CreateCategory( [ FromBody ] CreateCategoryDto dto)",57,73
16,2,99,2,18,"AdminController::UpdateCategory@76-93@backend\MomSite.API\Controllers\AdminController.cs","backend\MomSite.API\Controllers\AdminController.cs","AdminController::UpdateCategory","AdminController::UpdateCategory( int id , [ FromBody ] UpdateCategoryDto dto)",76,93
13,2,85,1,16,"AdminController::GetPageContent@102-117@backend\MomSite.API\Controllers\AdminController.cs","backend\MomSite.API\Controllers\AdminController.cs","AdminController::GetPageContent","AdminController::GetPageContent( [ FromQuery ] string ? pageKey = null)",102,117
20,4,128,2,23,"AdminController::UpdatePageContent@121-143@backend\MomSite.API\Controllers\AdminController.cs","backend\MomSite.API\Controllers\AdminController.cs","AdminController::UpdatePageContent","AdminController::UpdatePageContent( int id , [ FromForm ] UpdatePageContentDto dto)",121,143
38,6,254,1,46,"AdminController::CreatePageContent@147-192@backend\MomSite.API\Controllers\AdminController.cs","backend\MomSite.API\Controllers\AdminController.cs","AdminController::CreatePageContent","AdminController::CreatePageContent( [ FromForm ] CreatePageContentDto dto)",147,192
9,1,63,0,9,"AdminController::GetVideos@195-203@backend\MomSite.API\Controllers\AdminController.cs","backend\MomSite.API\Controllers\AdminController.cs","AdminController::GetVideos","AdminController::GetVideos()",195,203
24,2,150,1,28,"AdminController::CreateVideo@207-234@backend\MomSite.API\Controllers\AdminController.cs","backend\MomSite.API\Controllers\AdminController.cs","AdminController::CreateVideo","AdminController::CreateVideo( [ FromForm ] CreateVideoDto dto)",207,234
27,10,209,2,32,"AdminController::UpdateVideo@238-269@backend\MomSite.API\Controllers\AdminController.cs","backend\MomSite.API\Controllers\AdminController.cs","AdminController::UpdateVideo","AdminController::UpdateVideo( int id , [ FromForm ] UpdateVideoDto dto)",238,269
13,3,74,1,15,"AdminController::DeleteVideo@272-286@backend\MomSite.API\Controllers\AdminController.cs","backend\MomSite.API\Controllers\AdminController.cs","AdminController::DeleteVideo","AdminController::DeleteVideo( int id)",272,286
7,1,32,0,7,"AdminController::GetVideoCategories@289-295@backend\MomSite.API\Controllers\AdminController.cs","backend\MomSite.API\Controllers\AdminController.cs","AdminController::GetVideoCategories","AdminController::GetVideoCategories()",289,295
14,1,83,1,16,"AdminController::CreateVideoCategory@298-313@backend\MomSite.API\Controllers\AdminController.cs","backend\MomSite.API\Controllers\AdminController.cs","AdminController::CreateVideoCategory","AdminController::CreateVideoCategory( [ FromBody ] CreateVideoCategoryDto dto)",298,313
15,6,107,2,17,"AdminController::UpdateVideoCategory@316-332@backend\MomSite.API\Controllers\AdminController.cs","backend\MomSite.API\Controllers\AdminController.cs","AdminController::UpdateVideoCategory","AdminController::UpdateVideoCategory( int id , [ FromBody ] UpdateVideoCategoryDto dto)",316,332
11,2,54,1,13,"AdminController::DeleteVideoCategory@335-347@backend\MomSite.API\Controllers\AdminController.cs","backend\MomSite.API\Controllers\AdminController.cs","AdminController::DeleteVideoCategory","AdminController::DeleteVideoCategory( int id)",335,347
11,2,54,1,13,"AdminController::DeleteCategory@350-362@backend\MomSite.API\Controllers\AdminController.cs","backend\MomSite.API\Controllers\AdminController.cs","AdminController::DeleteCategory","AdminController::DeleteCategory( int id)",350,362
8,1,52,0,9,"AdminController::GetReviews@365-373@backend\MomSite.API\Controllers\AdminController.cs","backend\MomSite.API\Controllers\AdminController.cs","AdminController::GetReviews","AdminController::GetReviews()",365,373
22,2,125,1,25,"AdminController::CreateReview@376-400@backend\MomSite.API\Controllers\AdminController.cs","backend\MomSite.API\Controllers\AdminController.cs","AdminController::CreateReview","AdminController::CreateReview( [ FromBody ] CreateReviewAdminDto dto)",376,400
21,10,156,2,25,"AdminController::UpdateReview@403-427@backend\MomSite.API\Controllers\AdminController.cs","backend\MomSite.API\Controllers\AdminController.cs","AdminController::UpdateReview","AdminController::UpdateReview( int id , [ FromBody ] UpdateReviewDto dto)",403,427
12,2,64,1,15,"AdminController::PublishReview@430-444@backend\MomSite.API\Controllers\AdminController.cs","backend\MomSite.API\Controllers\AdminController.cs","AdminController::PublishReview","AdminController::PublishReview( int id)",430,444
11,2,56,1,14,"AdminController::UnpublishReview@447-460@backend\MomSite.API\Controllers\AdminController.cs","backend\MomSite.API\Controllers\AdminController.cs","AdminController::UnpublishReview","AdminController::UnpublishReview( int id)",447,460
11,2,54,1,13,"AdminController::DeleteReview@463-475@backend\MomSite.API\Controllers\AdminController.cs","backend\MomSite.API\Controllers\AdminController.cs","AdminController::DeleteReview","AdminController::DeleteReview( int id)",463,475
20,2,137,1,24,"AdminController::GetMessages@478-501@backend\MomSite.API\Controllers\AdminController.cs","backend\MomSite.API\Controllers\AdminController.cs","AdminController::GetMessages","AdminController::GetMessages( [ FromQuery ] string status = 'active')",478,501
4,1,11,0,4,"AdminController::GetUnreadMessagesCount@504-507@backend\MomSite.API\Controllers\AdminController.cs","backend\MomSite.API\Controllers\AdminController.cs","AdminController::GetUnreadMessagesCount","AdminController::GetUnreadMessagesCount()",504,507
5,1,23,0,5,"AdminController::CountUnreadMessagesAsync@509-513@backend\MomSite.API\Controllers\AdminController.cs","backend\MomSite.API\Controllers\AdminController.cs","AdminController::CountUnreadMessagesAsync","AdminController::CountUnreadMessagesAsync()",509,513
14,3,69,1,16,"AdminController::GetMessage@516-531@backend\MomSite.API\Controllers\AdminController.cs","backend\MomSite.API\Controllers\AdminController.cs","AdminController::GetMessage","AdminController::GetMessage( int id)",516,531
11,2,57,1,13,"AdminController::ArchiveMessage@534-546@backend\MomSite.API\Controllers\AdminController.cs","backend\MomSite.API\Controllers\AdminController.cs","AdminController::ArchiveMessage","AdminController::ArchiveMessage( int id)",534,546
5,2,39,1,5,"AdminController::FindMessageOrNotFoundAsync@548-552@backend\MomSite.API\Controllers\AdminController.cs","backend\MomSite.API\Controllers\AdminController.cs","AdminController::FindMessageOrNotFoundAsync","AdminController::FindMessageOrNotFoundAsync( int id)",548,552
18,2,118,0,21,"AdminController::GenerateJwtToken@554-574@backend\MomSite.API\Controllers\AdminController.cs","backend\MomSite.API\Controllers\AdminController.cs","AdminController::GenerateJwtToken","AdminController::GenerateJwtToken()",554,574
4,1,11,1,4,"ArtworkImagesController::ArtworkImagesController@17-20@backend\MomSite.API\Controllers\ArtworkImagesController.cs","backend\MomSite.API\Controllers\ArtworkImagesController.cs","ArtworkImagesController::ArtworkImagesController","ArtworkImagesController::ArtworkImagesController( IArtworkImageService service)",17,20
5,2,64,2,5,"ArtworkImagesController::Add@25-29@backend\MomSite.API\Controllers\ArtworkImagesController.cs","backend\MomSite.API\Controllers\ArtworkImagesController.cs","ArtworkImagesController::Add","ArtworkImagesController::Add( int id , [ FromForm ] List<IFormFile> ? images)",25,29
4,1,24,2,4,"ArtworkImagesController::Delete@32-35@backend\MomSite.API\Controllers\ArtworkImagesController.cs","backend\MomSite.API\Controllers\ArtworkImagesController.cs","ArtworkImagesController::Delete","ArtworkImagesController::Delete( int id , int imageId)",32,35
4,2,37,2,4,"ArtworkImagesController::Reorder@38-41@backend\MomSite.API\Controllers\ArtworkImagesController.cs","backend\MomSite.API\Controllers\ArtworkImagesController.cs","ArtworkImagesController::Reorder","ArtworkImagesController::Reorder( int id , [ FromBody ] ReorderImagesDto dto)",38,41
9,1,68,1,9,"ArtworkImagesController::ToResponse@43-51@backend\MomSite.API\Controllers\ArtworkImagesController.cs","backend\MomSite.API\Controllers\ArtworkImagesController.cs","ArtworkImagesController::ToResponse","ArtworkImagesController::ToResponse( ArtworkImageResult result)",43,51
5,1,18,2,5,"ArtworksController::ArtworksController@19-23@backend\MomSite.API\Controllers\ArtworksController.cs","backend\MomSite.API\Controllers\ArtworksController.cs","ArtworksController::ArtworksController","ArtworksController::ArtworksController( ApplicationDbContext context , IArtworkImageService artworkImages)",19,23
52,2,326,1,56,"ArtworksController::GetArtworks@26-81@backend\MomSite.API\Controllers\ArtworksController.cs","backend\MomSite.API\Controllers\ArtworksController.cs","ArtworksController::GetArtworks","ArtworksController::GetArtworks( [ FromQuery ] int ? categoryId = null)",26,81
12,2,67,1,14,"ArtworksController::GetArtwork@84-97@backend\MomSite.API\Controllers\ArtworksController.cs","backend\MomSite.API\Controllers\ArtworksController.cs","ArtworksController::GetArtwork","ArtworksController::GetArtwork( int id)",84,97
18,2,112,1,22,"ArtworksController::CreateArtwork@101-122@backend\MomSite.API\Controllers\ArtworksController.cs","backend\MomSite.API\Controllers\ArtworksController.cs","ArtworksController::CreateArtwork","ArtworksController::CreateArtwork( [ FromForm ] CreateArtworkDto dto)",101,122
17,3,111,2,21,"ArtworksController::UpdateArtwork@126-146@backend\MomSite.API\Controllers\ArtworksController.cs","backend\MomSite.API\Controllers\ArtworksController.cs","ArtworksController::UpdateArtwork","ArtworksController::UpdateArtwork( int id , [ FromForm ] UpdateArtworkDto dto)",126,146
12,2,76,1,15,"ArtworksController::DeleteArtwork@149-163@backend\MomSite.API\Controllers\ArtworksController.cs","backend\MomSite.API\Controllers\ArtworksController.cs","ArtworksController::DeleteArtwork","ArtworksController::DeleteArtwork( int id)",149,163
7,1,32,4,7,"BlogAdminController::BlogAdminController@20-26@backend\MomSite.API\Controllers\BlogAdminController.cs","backend\MomSite.API\Controllers\BlogAdminController.cs","BlogAdminController::BlogAdminController","BlogAdminController::BlogAdminController( IBlogService blog , IImageService imageService , TimeProvider time , IIndexNowClient indexNow)",20,26
2,1,28,0,2,"BlogAdminController::List@31-32@backend\MomSite.API\Controllers\BlogAdminController.cs","backend\MomSite.API\Controllers\BlogAdminController.cs","BlogAdminController::List","BlogAdminController::List()",31,32
1,1,17,1,1,"BlogAdminController::Get@35-35@backend\MomSite.API\Controllers\BlogAdminController.cs","backend\MomSite.API\Controllers\BlogAdminController.cs","BlogAdminController::Get","BlogAdminController::Get( int id)",35,35
8,2,73,1,8,"BlogAdminController::Create@38-45@backend\MomSite.API\Controllers\BlogAdminController.cs","backend\MomSite.API\Controllers\BlogAdminController.cs","BlogAdminController::Create","BlogAdminController::Create( [ FromBody ] BlogPostSaveDto dto)",38,45
6,1,41,2,6,"BlogAdminController::Update@48-53@backend\MomSite.API\Controllers\BlogAdminController.cs","backend\MomSite.API\Controllers\BlogAdminController.cs","BlogAdminController::Update","BlogAdminController::Update( int id , [ FromBody ] BlogPostSaveDto dto)",48,53
1,1,17,1,1,"BlogAdminController::Delete@56-56@backend\MomSite.API\Controllers\BlogAdminController.cs","backend\MomSite.API\Controllers\BlogAdminController.cs","BlogAdminController::Delete","BlogAdminController::Delete( int id)",56,56
2,1,35,0,2,"BlogAdminController::ListCategories@59-60@backend\MomSite.API\Controllers\BlogAdminController.cs","backend\MomSite.API\Controllers\BlogAdminController.cs","BlogAdminController::ListCategories","BlogAdminController::ListCategories()",59,60
2,1,24,1,2,"BlogAdminController::CreateCategory@63-64@backend\MomSite.API\Controllers\BlogAdminController.cs","backend\MomSite.API\Controllers\BlogAdminController.cs","BlogAdminController::CreateCategory","BlogAdminController::CreateCategory( [ FromBody ] BlogCategorySaveDto dto)",63,64
2,1,29,2,2,"BlogAdminController::UpdateCategory@67-68@backend\MomSite.API\Controllers\BlogAdminController.cs","backend\MomSite.API\Controllers\BlogAdminController.cs","BlogAdminController::UpdateCategory","BlogAdminController::UpdateCategory( int id , [ FromBody ] BlogCategorySaveDto dto)",67,68
1,1,17,1,1,"BlogAdminController::DeleteCategory@71-71@backend\MomSite.API\Controllers\BlogAdminController.cs","backend\MomSite.API\Controllers\BlogAdminController.cs","BlogAdminController::DeleteCategory","BlogAdminController::DeleteCategory( int id)",71,71
8,3,83,1,8,"BlogAdminController::UploadImage@76-83@backend\MomSite.API\Controllers\BlogAdminController.cs","backend\MomSite.API\Controllers\BlogAdminController.cs","BlogAdminController::UploadImage","BlogAdminController::UploadImage( IFormFile ? file)",76,83
7,5,81,1,7,"BlogAdminController::NotifySearchEngines@86-92@backend\MomSite.API\Controllers\BlogAdminController.cs","backend\MomSite.API\Controllers\BlogAdminController.cs","BlogAdminController::NotifySearchEngines","BlogAdminController::NotifySearchEngines( BlogResult<Core.Models.BlogPost> result)",86,92
2,2,39,1,2,"BlogAdminController::ToPost@94-95@backend\MomSite.API\Controllers\BlogAdminController.cs","backend\MomSite.API\Controllers\BlogAdminController.cs","BlogAdminController::ToPost","BlogAdminController::ToPost( BlogResult<Core.Models.BlogPost> result)",94,95
2,2,38,1,2,"BlogAdminController::ToCategory@97-98@backend\MomSite.API\Controllers\BlogAdminController.cs","backend\MomSite.API\Controllers\BlogAdminController.cs","BlogAdminController::ToCategory","BlogAdminController::ToCategory( BlogResult<Core.Models.BlogCategory> result)",97,98
2,2,26,1,2,"BlogAdminController::ToEmpty@100-101@backend\MomSite.API\Controllers\BlogAdminController.cs","backend\MomSite.API\Controllers\BlogAdminController.cs","BlogAdminController::ToEmpty","BlogAdminController::ToEmpty( BlogResult<bool> result)",100,101
14,2,91,1,14,"BlogAdminController::Fail<T>@103-116@backend\MomSite.API\Controllers\BlogAdminController.cs","backend\MomSite.API\Controllers\BlogAdminController.cs","BlogAdminController::Fail<T>","BlogAdminController::Fail<T>( BlogResult<T> result)",103,116
18,1,28,0,118,"*global*@0-117@backend\MomSite.API\Controllers\BlogAdminController.cs","backend\MomSite.API\Controllers\BlogAdminController.cs","*global*","*global*",0,117
1,1,10,1,1,"BlogPublicController::BlogPublicController@14-14@backend\MomSite.API\Controllers\BlogPublicController.cs","backend\MomSite.API\Controllers\BlogPublicController.cs","BlogPublicController::BlogPublicController","BlogPublicController::BlogPublicController( IBlogService blog)",14,14
6,2,71,2,6,"BlogPublicController::List@17-22@backend\MomSite.API\Controllers\BlogPublicController.cs","backend\MomSite.API\Controllers\BlogPublicController.cs","BlogPublicController::List","BlogPublicController::List( [ FromQuery ] int page = 1 , [ FromQuery ] string ? categorySlug = null)",17,22
2,1,30,0,2,"BlogPublicController::Categories@25-26@backend\MomSite.API\Controllers\BlogPublicController.cs","backend\MomSite.API\Controllers\BlogPublicController.cs","BlogPublicController::Categories","BlogPublicController::Categories()",25,26
5,2,43,1,5,"BlogPublicController::Get@29-33@backend\MomSite.API\Controllers\BlogPublicController.cs","backend\MomSite.API\Controllers\BlogPublicController.cs","BlogPublicController::Get","BlogPublicController::Get( string slug)",29,33
1,1,12,0,1,"BlogPublicController::NotFoundMessage@35-35@backend\MomSite.API\Controllers\BlogPublicController.cs","backend\MomSite.API\Controllers\BlogPublicController.cs","BlogPublicController::NotFoundMessage","BlogPublicController::NotFoundMessage()",35,35
7,1,12,0,37,"*global*@0-36@backend\MomSite.API\Controllers\BlogPublicController.cs","backend\MomSite.API\Controllers\BlogPublicController.cs","*global*","*global*",0,36
11,1,38,4,11,"PublicController::PublicController@19-29@backend\MomSite.API\Controllers\PublicController.cs","backend\MomSite.API\Controllers\PublicController.cs","PublicController::PublicController","PublicController::PublicController( ApplicationDbContext context , IEnumerable<IFeedbackNotifier> notifiers , ILogger<PublicController> logger , IContactRateLimiter rateLimiter)",19,29
87,36,590,0,101,"PublicController::GetHomeData@32-132@backend\MomSite.API\Controllers\PublicController.cs","backend\MomSite.API\Controllers\PublicController.cs","PublicController::GetHomeData","PublicController::GetHomeData()",32,132
31,10,246,1,38,"PublicController::GetGalleryData@135-172@backend\MomSite.API\Controllers\PublicController.cs","backend\MomSite.API\Controllers\PublicController.cs","PublicController::GetGalleryData","PublicController::GetGalleryData( [ FromQuery ] int ? categoryId = null)",135,172
30,25,265,0,37,"PublicController::GetAboutData@175-211@backend\MomSite.API\Controllers\PublicController.cs","backend\MomSite.API\Controllers\PublicController.cs","PublicController::GetAboutData","PublicController::GetAboutData()",175,211
79,29,482,0,95,"PublicController::GetContactsData@214-308@backend\MomSite.API\Controllers\PublicController.cs","backend\MomSite.API\Controllers\PublicController.cs","PublicController::GetContactsData","PublicController::GetContactsData()",214,308
23,2,169,1,27,"PublicController::GetVideosData@311-337@backend\MomSite.API\Controllers\PublicController.cs","backend\MomSite.API\Controllers\PublicController.cs","PublicController::GetVideosData","PublicController::GetVideosData( [ FromQuery ] int ? categoryId = null)",311,337
62,13,307,0,72,"PublicController::GetFooterData@340-411@backend\MomSite.API\Controllers\PublicController.cs","backend\MomSite.API\Controllers\PublicController.cs","PublicController::GetFooterData","PublicController::GetFooterData()",340,411
25,7,149,1,36,"PublicController::SendContactMessage@416-451@backend\MomSite.API\Controllers\PublicController.cs","backend\MomSite.API\Controllers\PublicController.cs","PublicController::SendContactMessage","PublicController::SendContactMessage( [ FromBody ] ContactMessageDto message)",416,451
2,1,16,1,2,"PublicController::IsHoneypotTripped@453-454@backend\MomSite.API\Controllers\PublicController.cs","backend\MomSite.API\Controllers\PublicController.cs","PublicController::IsHoneypotTripped","PublicController::IsHoneypotTripped( ContactMessageDto message)",453,454
15,2,89,1,15,"PublicController::BuildContactMessageEntity@456-470@backend\MomSite.API\Controllers\PublicController.cs","backend\MomSite.API\Controllers\PublicController.cs","PublicController::BuildContactMessageEntity","PublicController::BuildContactMessageEntity( ContactMessageDto message)",456,470
18,1,27,0,584,"*global*@0-583@backend\MomSite.API\Controllers\PublicController.cs","backend\MomSite.API\Controllers\PublicController.cs","*global*","*global*",0,583
14,2,53,2,14,"PublicController::TryPersistContactMessageAsync@472-485@backend\MomSite.API\Controllers\PublicController.cs","backend\MomSite.API\Controllers\PublicController.cs","PublicController::TryPersistContactMessageAsync","PublicController::TryPersistContactMessageAsync( ContactMessage entity , string fromEmail)",472,485
18,3,66,1,19,"PublicController::NotifyContactMessageAsync@487-505@backend\MomSite.API\Controllers\PublicController.cs","backend\MomSite.API\Controllers\PublicController.cs","PublicController::NotifyContactMessageAsync","PublicController::NotifyContactMessageAsync( ContactMessage entity)",487,505
10,1,74,0,11,"PublicController::GetReviews@508-518@backend\MomSite.API\Controllers\PublicController.cs","backend\MomSite.API\Controllers\PublicController.cs","PublicController::GetReviews","PublicController::GetReviews()",508,518
28,5,159,1,34,"PublicController::CreateReview@523-556@backend\MomSite.API\Controllers\PublicController.cs","backend\MomSite.API\Controllers\PublicController.cs","PublicController::CreateReview","PublicController::CreateReview( [ FromBody ] CreateReviewDto review)",523,556
18,3,66,1,19,"PublicController::NotifyNewReviewAsync@558-576@backend\MomSite.API\Controllers\PublicController.cs","backend\MomSite.API\Controllers\PublicController.cs","PublicController::NotifyNewReviewAsync","PublicController::NotifyNewReviewAsync( Review entity)",558,576
4,1,10,0,4,"PublicController::HealthCheck@579-582@backend\MomSite.API\Controllers\PublicController.cs","backend\MomSite.API\Controllers\PublicController.cs","PublicController::HealthCheck","PublicController::HealthCheck()",579,582
4,1,11,1,4,"TestController::TestController@12-15@backend\MomSite.API\Controllers\TestController.cs","backend\MomSite.API\Controllers\TestController.cs","TestController::TestController","MomSite.API.Controllers::TestController::TestController( IS3Service s3Service)",12,15
20,2,132,0,21,"TestController::GetS3Status@18-38@backend\MomSite.API\Controllers\TestController.cs","backend\MomSite.API\Controllers\TestController.cs","TestController::GetS3Status","MomSite.API.Controllers::TestController::GetS3Status()",18,38
12,2,51,0,12,"TestController::TestS3Connection@41-52@backend\MomSite.API\Controllers\TestController.cs","backend\MomSite.API\Controllers\TestController.cs","TestController::TestS3Connection","MomSite.API.Controllers::TestController::TestS3Connection()",41,52
4,8,53,0,4,"BlogPostSaveDto::ToInput@34-37@backend\MomSite.API\DTOs\Blog\BlogAdminDtos.cs","backend\MomSite.API\DTOs\Blog\BlogAdminDtos.cs","BlogPostSaveDto::ToInput","BlogPostSaveDto::ToInput()",34,37
1,3,23,0,1,"BlogCategorySaveDto::ToInput@68-68@backend\MomSite.API\DTOs\Blog\BlogAdminDtos.cs","backend\MomSite.API\DTOs\Blog\BlogAdminDtos.cs","BlogCategorySaveDto::ToInput","BlogCategorySaveDto::ToInput()",68,68
4,3,34,2,4,"BlogAdminMapping::StatusAt@83-86@backend\MomSite.API\DTOs\Blog\BlogAdminDtos.cs","backend\MomSite.API\DTOs\Blog\BlogAdminDtos.cs","BlogAdminMapping::StatusAt","BlogAdminMapping::StatusAt( this BlogPost post , DateTime now)",83,86
2,1,22,2,2,"BlogAdminMapping::ToListItem@88-89@backend\MomSite.API\DTOs\Blog\BlogAdminDtos.cs","backend\MomSite.API\DTOs\Blog\BlogAdminDtos.cs","BlogAdminMapping::ToListItem","BlogAdminMapping::ToListItem( this BlogPost post , DateTime now)",88,89
10,1,115,2,10,"BlogAdminMapping::ToAdminDto@91-100@backend\MomSite.API\DTOs\Blog\BlogAdminDtos.cs","backend\MomSite.API\DTOs\Blog\BlogAdminDtos.cs","BlogAdminMapping::ToAdminDto","BlogAdminMapping::ToAdminDto( this BlogPost post , DateTime now)",91,100
9,1,50,2,9,"BlogAdminMapping::ToDto@102-110@backend\MomSite.API\DTOs\Blog\BlogAdminDtos.cs","backend\MomSite.API\DTOs\Blog\BlogAdminDtos.cs","BlogAdminMapping::ToDto","BlogAdminMapping::ToDto( this BlogCategory category , int postCount = 0)",102,110
10,1,11,0,113,"*global*@0-112@backend\MomSite.API\DTOs\Blog\BlogAdminDtos.cs","backend\MomSite.API\DTOs\Blog\BlogAdminDtos.cs","*global*","*global*",0,112
13,2,93,2,13,"BlogPublicMapping::ToDto@72-84@backend\MomSite.API\DTOs\Blog\BlogPublicDtos.cs","backend\MomSite.API\DTOs\Blog\BlogPublicDtos.cs","BlogPublicMapping::ToDto","BlogPublicMapping::ToDto( this BlogPostPage page , int pageNumber)",72,84
6,1,8,0,120,"*global*@0-119@backend\MomSite.API\DTOs\Blog\BlogPublicDtos.cs","backend\MomSite.API\DTOs\Blog\BlogPublicDtos.cs","*global*","*global*",0,119
18,1,105,1,18,"BlogPublicMapping::ToDto@86-103@backend\MomSite.API\DTOs\Blog\BlogPublicDtos.cs","backend\MomSite.API\DTOs\Blog\BlogPublicDtos.cs","BlogPublicMapping::ToDto","BlogPublicMapping::ToDto( this BlogPublicPost result)",86,103
2,1,33,1,2,"BlogPublicMapping::ToPublicDto@105-106@backend\MomSite.API\DTOs\Blog\BlogPublicDtos.cs","backend\MomSite.API\DTOs\Blog\BlogPublicDtos.cs","BlogPublicMapping::ToPublicDto","BlogPublicMapping::ToPublicDto( this BlogCategoryCount c)",105,106
6,1,8,0,120,"*global*@0-119@backend\MomSite.API\DTOs\Blog\BlogPublicDtos.cs","backend\MomSite.API\DTOs\Blog\BlogPublicDtos.cs","*global*","*global*",0,119
9,4,122,1,9,"BlogPublicMapping::ExcerptOf@109-117@backend\MomSite.API\DTOs\Blog\BlogPublicDtos.cs","backend\MomSite.API\DTOs\Blog\BlogPublicDtos.cs","BlogPublicMapping::ExcerptOf","BlogPublicMapping::ExcerptOf( BlogPost post)",109,117
8,4,54,1,8,"ArtworkUpsertDtoBase::Validate@30-37@backend\MomSite.API\DTOs\ArtworkUpsertDto.cs","backend\MomSite.API\DTOs\ArtworkUpsertDto.cs","ArtworkUpsertDtoBase::Validate","ArtworkUpsertDtoBase::Validate( ValidationContext validationContext)",30,37
14,1,77,1,14,"ArtworkUpsertDtoBase::ApplyTo@39-52@backend\MomSite.API\DTOs\ArtworkUpsertDto.cs","backend\MomSite.API\DTOs\ArtworkUpsertDto.cs","ArtworkUpsertDtoBase::ApplyTo","ArtworkUpsertDtoBase::ApplyTo( Artwork artwork)",39,52
24,2,128,1,24,"MappingExtensions::ToDto@7-30@backend\MomSite.API\DTOs\MappingExtensions.cs","backend\MomSite.API\DTOs\MappingExtensions.cs","MappingExtensions::ToDto","MomSite.API.DTOs::MappingExtensions::ToDto( this Artwork artwork)",7,30
10,1,37,1,10,"MappingExtensions::ToDto@32-41@backend\MomSite.API\DTOs\MappingExtensions.cs","backend\MomSite.API\DTOs\MappingExtensions.cs","MappingExtensions::ToDto","MomSite.API.DTOs::MappingExtensions::ToDto( this ArtworkImage image)",32,41
7,2,59,1,7,"MappingExtensions::ToImageDtos@43-49@backend\MomSite.API\DTOs\MappingExtensions.cs","backend\MomSite.API\DTOs\MappingExtensions.cs","MappingExtensions::ToImageDtos","MomSite.API.DTOs::MappingExtensions::ToImageDtos( this Artwork artwork)",43,49
7,1,39,2,7,"MappingExtensions::FallbackImages@51-57@backend\MomSite.API\DTOs\MappingExtensions.cs","backend\MomSite.API\DTOs\MappingExtensions.cs","MappingExtensions::FallbackImages","MomSite.API.DTOs::MappingExtensions::FallbackImages( string imagePath , string thumbnailPath)",51,57
12,1,49,1,12,"MappingExtensions::ToDto@59-70@backend\MomSite.API\DTOs\MappingExtensions.cs","backend\MomSite.API\DTOs\MappingExtensions.cs","MappingExtensions::ToDto","MomSite.API.DTOs::MappingExtensions::ToDto( this Category category)",59,70
12,1,50,1,12,"MappingExtensions::ToDto@74-85@backend\MomSite.API\DTOs\MappingExtensions.cs","backend\MomSite.API\DTOs\MappingExtensions.cs","MappingExtensions::ToDto","MomSite.API.DTOs::MappingExtensions::ToDto( this Video video)",74,85
10,1,37,1,10,"MappingExtensions::ToDto@87-96@backend\MomSite.API\DTOs\MappingExtensions.cs","backend\MomSite.API\DTOs\MappingExtensions.cs","MappingExtensions::ToDto","MomSite.API.DTOs::MappingExtensions::ToDto( this VideoCategory videoCategory)",87,96
12,1,49,1,12,"MappingExtensions::ToPublicDto@98-109@backend\MomSite.API\DTOs\MappingExtensions.cs","backend\MomSite.API\DTOs\MappingExtensions.cs","MappingExtensions::ToPublicDto","MomSite.API.DTOs::MappingExtensions::ToPublicDto( this Video video)",98,109
15,2,70,1,15,"MappingExtensions::ToAdminDto@111-125@backend\MomSite.API\DTOs\MappingExtensions.cs","backend\MomSite.API\DTOs\MappingExtensions.cs","MappingExtensions::ToAdminDto","MomSite.API.DTOs::MappingExtensions::ToAdminDto( this Video video)",111,125
18,1,89,1,18,"MappingExtensions::ToAdminDto@127-144@backend\MomSite.API\DTOs\MappingExtensions.cs","backend\MomSite.API\DTOs\MappingExtensions.cs","MappingExtensions::ToAdminDto","MomSite.API.DTOs::MappingExtensions::ToAdminDto( this ContactMessage message)",127,144
17,1,79,1,17,"MappingExtensions::ToAdminDto@146-162@backend\MomSite.API\DTOs\MappingExtensions.cs","backend\MomSite.API\DTOs\MappingExtensions.cs","MappingExtensions::ToAdminDto","MomSite.API.DTOs::MappingExtensions::ToAdminDto( this Review review)",146,162
15,1,67,1,15,"MappingExtensions::ToDto@164-178@backend\MomSite.API\DTOs\MappingExtensions.cs","backend\MomSite.API\DTOs\MappingExtensions.cs","MappingExtensions::ToDto","MomSite.API.DTOs::MappingExtensions::ToDto( this Review review)",164,178
11,1,58,1,11,"MappingExtensions::ToPublicDto@180-190@backend\MomSite.API\DTOs\MappingExtensions.cs","backend\MomSite.API\DTOs\MappingExtensions.cs","MappingExtensions::ToPublicDto","MomSite.API.DTOs::MappingExtensions::ToPublicDto( this VideoCategory videoCategory)",180,190
5,1,21,2,5,"AdminCacheInvalidationMiddleware::AdminCacheInvalidationMiddleware@17-21@backend\MomSite.API\AdminCacheInvalidationMiddleware.cs","backend\MomSite.API\AdminCacheInvalidationMiddleware.cs","AdminCacheInvalidationMiddleware::AdminCacheInvalidationMiddleware","AdminCacheInvalidationMiddleware::AdminCacheInvalidationMiddleware( RequestDelegate next , ILogger<AdminCacheInvalidationMiddleware> logger)",17,21
6,2,28,1,8,"AdminCacheInvalidationMiddleware::InvokeAsync@23-30@backend\MomSite.API\AdminCacheInvalidationMiddleware.cs","backend\MomSite.API\AdminCacheInvalidationMiddleware.cs","AdminCacheInvalidationMiddleware::InvokeAsync","AdminCacheInvalidationMiddleware::InvokeAsync( HttpContext context)",23,30
12,2,55,1,12,"AdminCacheInvalidationMiddleware::TryStartInvalidation@32-43@backend\MomSite.API\AdminCacheInvalidationMiddleware.cs","backend\MomSite.API\AdminCacheInvalidationMiddleware.cs","AdminCacheInvalidationMiddleware::TryStartInvalidation","AdminCacheInvalidationMiddleware::TryStartInvalidation( HttpContext context)",32,43
11,2,33,1,11,"AdminCacheInvalidationMiddleware::InvalidateSafelyAsync@45-55@backend\MomSite.API\AdminCacheInvalidationMiddleware.cs","backend\MomSite.API\AdminCacheInvalidationMiddleware.cs","AdminCacheInvalidationMiddleware::InvalidateSafelyAsync","AdminCacheInvalidationMiddleware::InvalidateSafelyAsync( ICacheInvalidator invalidator)",45,55
7,3,38,1,7,"AdminCacheInvalidationMiddleware::ShouldInvalidate@57-63@backend\MomSite.API\AdminCacheInvalidationMiddleware.cs","backend\MomSite.API\AdminCacheInvalidationMiddleware.cs","AdminCacheInvalidationMiddleware::ShouldInvalidate","AdminCacheInvalidationMiddleware::ShouldInvalidate( HttpContext context)",57,63
3,4,34,1,3,"AdminCacheInvalidationMiddleware::IsMutating@65-67@backend\MomSite.API\AdminCacheInvalidationMiddleware.cs","backend\MomSite.API\AdminCacheInvalidationMiddleware.cs","AdminCacheInvalidationMiddleware::IsMutating","AdminCacheInvalidationMiddleware::IsMutating( string method)",65,67
3,2,29,1,3,"AdminCacheInvalidationMiddleware::IsInvalidatingAdminPath@69-71@backend\MomSite.API\AdminCacheInvalidationMiddleware.cs","backend\MomSite.API\AdminCacheInvalidationMiddleware.cs","AdminCacheInvalidationMiddleware::IsInvalidatingAdminPath","AdminCacheInvalidationMiddleware::IsInvalidatingAdminPath( PathString path)",69,71
1,2,14,1,1,"AdminCacheInvalidationMiddleware::IsSuccess@73-73@backend\MomSite.API\AdminCacheInvalidationMiddleware.cs","backend\MomSite.API\AdminCacheInvalidationMiddleware.cs","AdminCacheInvalidationMiddleware::IsSuccess","AdminCacheInvalidationMiddleware::IsSuccess( int status)",73,73
29,1,116,1,31,"if@59-89@backend\MomSite.API\Program.cs","backend\MomSite.API\Program.cs","if","if( builder . Environment . IsDevelopment())",59,89
4,1,18,1,4,"if@128-131@backend\MomSite.API\Program.cs","backend\MomSite.API\Program.cs","if","if( string . IsNullOrEmpty(jwtSecret))",128,131
5,1,24,1,5,"if@197-201@backend\MomSite.API\Program.cs","backend\MomSite.API\Program.cs","if","if( app . Environment . IsDevelopment())",197,201
4,1,19,1,4,"if@204-207@backend\MomSite.API\Program.cs","backend\MomSite.API\Program.cs","if","if( ! app . Environment . IsDevelopment())",204,207
4,1,19,1,4,"if@232-235@backend\MomSite.API\Program.cs","backend\MomSite.API\Program.cs","if","if( app . Environment . IsDevelopment())",232,235
9,1,44,1,9,"if@245-253@backend\MomSite.API\Program.cs","backend\MomSite.API\Program.cs","if","if( app . Environment . IsDevelopment())",245,253
12,2,61,1,16,"using@266-281@backend\MomSite.API\Program.cs","backend\MomSite.API\Program.cs","using","using( var scope = app . Services . CreateScope())",266,281
1,1,15,1,1,"BlogResult::Ok@20-20@backend\MomSite.Core\Interfaces\IBlogService.cs","backend\MomSite.Core\Interfaces\IBlogService.cs","BlogResult::Ok","Ok( T value)",20,20
1,1,11,0,1,"BlogResult::NotFound@21-21@backend\MomSite.Core\Interfaces\IBlogService.cs","backend\MomSite.Core\Interfaces\IBlogService.cs","BlogResult::NotFound","NotFound()",21,21
1,1,22,1,1,"BlogResult::Invalid@22-22@backend\MomSite.Core\Interfaces\IBlogService.cs","backend\MomSite.Core\Interfaces\IBlogService.cs","BlogResult::Invalid","Invalid( IReadOnlyDictionary<string,string> errors)",22,22
1,1,27,2,1,"BlogResult::Conflict@23-23@backend\MomSite.Core\Interfaces\IBlogService.cs","backend\MomSite.Core\Interfaces\IBlogService.cs","BlogResult::Conflict","Conflict( string reason , int ? postCount = null)",23,23
2,1,15,2,2,"NotifyAsync@34-35@backend\MomSite.Core\Interfaces\IFeedbackNotifier.cs","backend\MomSite.Core\Interfaces\IFeedbackNotifier.cs","NotifyAsync","NotifyAsync( Review review , CancellationToken cancellationToken = default)",34,35
10,2,84,2,10,"BlogCategoryOperations::CreateAsync@10-19@backend\MomSite.Infrastructure\Blog\BlogCategoryOperations.cs","backend\MomSite.Infrastructure\Blog\BlogCategoryOperations.cs","BlogCategoryOperations::CreateAsync","BlogCategoryOperations::CreateAsync( ApplicationDbContext db , BlogCategoryInput input)",10,19
10,3,99,3,10,"BlogCategoryOperations::UpdateAsync@21-30@backend\MomSite.Infrastructure\Blog\BlogCategoryOperations.cs","backend\MomSite.Infrastructure\Blog\BlogCategoryOperations.cs","BlogCategoryOperations::UpdateAsync","BlogCategoryOperations::UpdateAsync( ApplicationDbContext db , int id , BlogCategoryInput input)",21,30
10,3,106,2,10,"BlogCategoryOperations::DeleteAsync@32-41@backend\MomSite.Infrastructure\Blog\BlogCategoryOperations.cs","backend\MomSite.Infrastructure\Blog\BlogCategoryOperations.cs","BlogCategoryOperations::DeleteAsync","BlogCategoryOperations::DeleteAsync( ApplicationDbContext db , int id)",32,41
13,10,149,3,13,"BlogCategoryOperations::ValidateAsync@43-55@backend\MomSite.Infrastructure\Blog\BlogCategoryOperations.cs","backend\MomSite.Infrastructure\Blog\BlogCategoryOperations.cs","BlogCategoryOperations::ValidateAsync","BlogCategoryOperations::ValidateAsync( ApplicationDbContext db , BlogCategoryInput input , int id)",43,55
7,2,61,2,7,"BlogCategoryOperations::Apply@57-63@backend\MomSite.Infrastructure\Blog\BlogCategoryOperations.cs","backend\MomSite.Infrastructure\Blog\BlogCategoryOperations.cs","BlogCategoryOperations::Apply","BlogCategoryOperations::Apply( BlogCategory category , BlogCategoryInput input)",57,63
2,1,31,1,2,"BlogHtmlSanitizer::new@16-17@backend\MomSite.Infrastructure\Blog\BlogHtmlSanitizer.cs","backend\MomSite.Infrastructure\Blog\BlogHtmlSanitizer.cs","BlogHtmlSanitizer::new","BlogHtmlSanitizer::new( StringComparer . OrdinalIgnoreCase)",16,17
22,2,235,2,23,"BlogHtmlSanitizer::BlogHtmlSanitizer@23-45@backend\MomSite.Infrastructure\Blog\BlogHtmlSanitizer.cs","backend\MomSite.Infrastructure\Blog\BlogHtmlSanitizer.cs","BlogHtmlSanitizer::BlogHtmlSanitizer","BlogHtmlSanitizer::BlogHtmlSanitizer( IEnumerable<string> allowedImageHosts , string siteHost)",23,45
2,2,29,1,2,"BlogHtmlSanitizer::Sanitize@47-48@backend\MomSite.Infrastructure\Blog\BlogHtmlSanitizer.cs","backend\MomSite.Infrastructure\Blog\BlogHtmlSanitizer.cs","BlogHtmlSanitizer::Sanitize","BlogHtmlSanitizer::Sanitize( string ? html)",47,48
13,3,74,1,13,"BlogHtmlSanitizer::PostProcess@50-62@backend\MomSite.Infrastructure\Blog\BlogHtmlSanitizer.cs","backend\MomSite.Infrastructure\Blog\BlogHtmlSanitizer.cs","BlogHtmlSanitizer::PostProcess","BlogHtmlSanitizer::PostProcess( AngleSharp . Dom . INode node)",50,62
7,6,81,1,7,"BlogHtmlSanitizer::IsAllowedImage@64-70@backend\MomSite.Infrastructure\Blog\BlogHtmlSanitizer.cs","backend\MomSite.Infrastructure\Blog\BlogHtmlSanitizer.cs","BlogHtmlSanitizer::IsAllowedImage","BlogHtmlSanitizer::IsAllowedImage( string ? src)",64,70
4,4,54,1,4,"BlogHtmlSanitizer::IsExternal@72-75@backend\MomSite.Infrastructure\Blog\BlogHtmlSanitizer.cs","backend\MomSite.Infrastructure\Blog\BlogHtmlSanitizer.cs","BlogHtmlSanitizer::IsExternal","BlogHtmlSanitizer::IsExternal( string ? href)",72,75
8,6,57,1,8,"BlogImageProcessor::Validate@18-25@backend\MomSite.Infrastructure\Blog\BlogImageProcessor.cs","backend\MomSite.Infrastructure\Blog\BlogImageProcessor.cs","BlogImageProcessor::Validate","BlogImageProcessor::Validate( IFormFile ? file)",18,25
24,5,172,1,25,"BlogImageProcessor::PrepareAsync@28-52@backend\MomSite.Infrastructure\Blog\BlogImageProcessor.cs","backend\MomSite.Infrastructure\Blog\BlogImageProcessor.cs","BlogImageProcessor::PrepareAsync","BlogImageProcessor::PrepareAsync( IFormFile file)",28,52
14,5,176,2,14,"BlogPostValidator::Validate@8-21@backend\MomSite.Infrastructure\Blog\BlogPostValidator.cs","backend\MomSite.Infrastructure\Blog\BlogPostValidator.cs","BlogPostValidator::Validate","BlogPostValidator::Validate( BlogPostInput input , string sanitizedBody)",8,21
4,3,49,5,4,"BlogPostValidator::Max@23-26@backend\MomSite.Infrastructure\Blog\BlogPostValidator.cs","backend\MomSite.Infrastructure\Blog\BlogPostValidator.cs","BlogPostValidator::Max","BlogPostValidator::Max( Dictionary<string,string> errors , string key , string ? value , int max , string label)",23,26
2,2,32,2,2,"BlogQueries::Published@10-11@backend\MomSite.Infrastructure\Blog\BlogQueries.cs","backend\MomSite.Infrastructure\Blog\BlogQueries.cs","BlogQueries::Published","BlogQueries::Published( this IQueryable<BlogPost> posts , DateTime now)",10,11
2,1,21,1,2,"BlogQueries::WithCategory@13-14@backend\MomSite.Infrastructure\Blog\BlogQueries.cs","backend\MomSite.Infrastructure\Blog\BlogQueries.cs","BlogQueries::WithCategory","BlogQueries::WithCategory( this IQueryable<BlogPost> posts)",13,14
6,1,70,2,6,"BlogQueries::VisibleArtworksAsync@16-21@backend\MomSite.Infrastructure\Blog\BlogQueries.cs","backend\MomSite.Infrastructure\Blog\BlogQueries.cs","BlogQueries::VisibleArtworksAsync","BlogQueries::VisibleArtworksAsync( this ApplicationDbContext db , int postId)",16,21
6,3,73,1,6,"BlogQueries::ReadingMinutes@23-28@backend\MomSite.Infrastructure\Blog\BlogQueries.cs","backend\MomSite.Infrastructure\Blog\BlogQueries.cs","BlogQueries::ReadingMinutes","BlogQueries::ReadingMinutes( string bodyHtml)",23,28
6,1,25,3,6,"BlogService::BlogService@14-19@backend\MomSite.Infrastructure\Blog\BlogService.cs","backend\MomSite.Infrastructure\Blog\BlogService.cs","BlogService::BlogService","BlogService::BlogService( ApplicationDbContext db , BlogHtmlSanitizer sanitizer , TimeProvider time)",14,19
19,6,199,2,21,"BlogService::ListPublishedAsync@23-43@backend\MomSite.Infrastructure\Blog\BlogService.cs","backend\MomSite.Infrastructure\Blog\BlogService.cs","BlogService::ListPublishedAsync","BlogService::ListPublishedAsync( int page , string ? categorySlug)",23,43
7,2,80,1,7,"BlogService::GetPublishedBySlugAsync@45-51@backend\MomSite.Infrastructure\Blog\BlogService.cs","backend\MomSite.Infrastructure\Blog\BlogService.cs","BlogService::GetPublishedBySlugAsync","BlogService::GetPublishedBySlugAsync( string slug)",45,51
17,4,129,1,17,"BlogService::ListCategoriesAsync@53-69@backend\MomSite.Infrastructure\Blog\BlogService.cs","backend\MomSite.Infrastructure\Blog\BlogService.cs","BlogService::ListCategoriesAsync","BlogService::ListCategoriesAsync( bool onlyNonEmpty)",53,69
4,1,30,0,4,"BlogService::AdminListAsync@71-74@backend\MomSite.Infrastructure\Blog\BlogService.cs","backend\MomSite.Infrastructure\Blog\BlogService.cs","BlogService::AdminListAsync","BlogService::AdminListAsync()",71,74
6,2,67,1,6,"BlogService::AdminGetAsync@76-81@backend\MomSite.Infrastructure\Blog\BlogService.cs","backend\MomSite.Infrastructure\Blog\BlogService.cs","BlogService::AdminGetAsync","BlogService::AdminGetAsync( int id)",76,81
9,2,67,1,9,"BlogService::CreateAsync@83-91@backend\MomSite.Infrastructure\Blog\BlogService.cs","backend\MomSite.Infrastructure\Blog\BlogService.cs","BlogService::CreateAsync","BlogService::CreateAsync( BlogPostInput input)",83,91
11,5,122,2,11,"BlogService::UpdateAsync@93-103@backend\MomSite.Infrastructure\Blog\BlogService.cs","backend\MomSite.Infrastructure\Blog\BlogService.cs","BlogService::UpdateAsync","BlogService::UpdateAsync( int id , BlogPostInput input)",93,103
8,2,63,1,8,"BlogService::DeleteAsync@105-112@backend\MomSite.Infrastructure\Blog\BlogService.cs","backend\MomSite.Infrastructure\Blog\BlogService.cs","BlogService::DeleteAsync","BlogService::DeleteAsync( int id)",105,112
2,1,15,1,2,"BlogService::CreateCategoryAsync@114-115@backend\MomSite.Infrastructure\Blog\BlogService.cs","backend\MomSite.Infrastructure\Blog\BlogService.cs","BlogService::CreateCategoryAsync","BlogService::CreateCategoryAsync( BlogCategoryInput input)",114,115
2,1,20,2,2,"BlogService::UpdateCategoryAsync@117-118@backend\MomSite.Infrastructure\Blog\BlogService.cs","backend\MomSite.Infrastructure\Blog\BlogService.cs","BlogService::UpdateCategoryAsync","BlogService::UpdateCategoryAsync( int id , BlogCategoryInput input)",117,118
2,1,15,1,2,"BlogService::DeleteCategoryAsync@120-121@backend\MomSite.Infrastructure\Blog\BlogService.cs","backend\MomSite.Infrastructure\Blog\BlogService.cs","BlogService::DeleteCategoryAsync","BlogService::DeleteCategoryAsync( int id)",120,121
1,2,18,1,1,"BlogService::IsLive@123-123@backend\MomSite.Infrastructure\Blog\BlogService.cs","backend\MomSite.Infrastructure\Blog\BlogService.cs","BlogService::IsLive","BlogService::IsLive( BlogPost post)",123,123
31,16,408,3,34,"BlogService::ApplyAsync@125-158@backend\MomSite.Infrastructure\Blog\BlogService.cs","backend\MomSite.Infrastructure\Blog\BlogService.cs","BlogService::ApplyAsync","BlogService::ApplyAsync( BlogPost post , BlogPostInput input , bool isNew)",125,158
1,2,22,1,1,"BlogService::Blank@160-160@backend\MomSite.Infrastructure\Blog\BlogService.cs","backend\MomSite.Infrastructure\Blog\BlogService.cs","BlogService::Blank","BlogService::Blank( string ? value)",160,160
2,3,30,1,2,"BlogSlug::IsValid@13-14@backend\MomSite.Infrastructure\Blog\BlogSlug.cs","backend\MomSite.Infrastructure\Blog\BlogSlug.cs","BlogSlug::IsValid","BlogSlug::IsValid( string ? slug)",13,14
10,5,93,2,10,"BlogSlug::MakeUniqueAsync@16-25@backend\MomSite.Infrastructure\Blog\BlogSlug.cs","backend\MomSite.Infrastructure\Blog\BlogSlug.cs","BlogSlug::MakeUniqueAsync","BlogSlug::MakeUniqueAsync( string slug , Func<string,Task<bool>> isTaken)",16,25
2,1,30,2,2,"IndexNowClient::IndexNowClient@22-23@backend\MomSite.Infrastructure\Blog\IndexNowClient.cs","backend\MomSite.Infrastructure\Blog\IndexNowClient.cs","IndexNowClient::IndexNowClient","IndexNowClient::IndexNowClient( IHttpClientFactory httpClientFactory , ILogger<IndexNowClient> logger)",22,23
6,1,29,3,6,"IndexNowClient::IndexNowClient@25-30@backend\MomSite.Infrastructure\Blog\IndexNowClient.cs","backend\MomSite.Infrastructure\Blog\IndexNowClient.cs","IndexNowClient::IndexNowClient","IndexNowClient::IndexNowClient( IHttpClientFactory httpClientFactory , ILogger<IndexNowClient> logger , Func <string?> key)",25,30
24,5,171,2,25,"IndexNowClient::NotifyAsync@32-56@backend\MomSite.Infrastructure\Blog\IndexNowClient.cs","backend\MomSite.Infrastructure\Blog\IndexNowClient.cs","IndexNowClient::NotifyAsync","IndexNowClient::NotifyAsync( IReadOnlyCollection<string> urls , CancellationToken cancellationToken = default)",32,56
6,1,22,2,6,"IndexNowClient::BlogUrls@58-63@backend\MomSite.Infrastructure\Blog\IndexNowClient.cs","backend\MomSite.Infrastructure\Blog\IndexNowClient.cs","IndexNowClient::BlogUrls","IndexNowClient::BlogUrls( string postSlug , string categorySlug)",58,63
6,1,7,0,65,"*global*@0-64@backend\MomSite.Infrastructure\Blog\IndexNowClient.cs","backend\MomSite.Infrastructure\Blog\IndexNowClient.cs","*global*","*global*",0,64
6,1,27,3,6,"InMemoryFormFile::InMemoryFormFile@10-15@backend\MomSite.Infrastructure\Blog\InMemoryFormFile.cs","backend\MomSite.Infrastructure\Blog\InMemoryFormFile.cs","InMemoryFormFile::InMemoryFormFile","InMemoryFormFile::InMemoryFormFile( byte [ ] bytes , string fileName , string contentType)",10,15
1,1,14,0,1,"InMemoryFormFile::OpenReadStream@24-24@backend\MomSite.Infrastructure\Blog\InMemoryFormFile.cs","backend\MomSite.Infrastructure\Blog\InMemoryFormFile.cs","InMemoryFormFile::OpenReadStream","InMemoryFormFile::OpenReadStream()",24,24
1,1,13,1,1,"InMemoryFormFile::CopyTo@25-25@backend\MomSite.Infrastructure\Blog\InMemoryFormFile.cs","backend\MomSite.Infrastructure\Blog\InMemoryFormFile.cs","InMemoryFormFile::CopyTo","InMemoryFormFile::CopyTo( Stream target)",25,25
2,1,24,2,2,"InMemoryFormFile::CopyToAsync@26-27@backend\MomSite.Infrastructure\Blog\InMemoryFormFile.cs","backend\MomSite.Infrastructure\Blog\InMemoryFormFile.cs","InMemoryFormFile::CopyToAsync","InMemoryFormFile::CopyToAsync( Stream target , CancellationToken cancellationToken = default)",26,27
192,1,2917,1,206,"InitialCreate::Up@15-220@backend\MomSite.Infrastructure\Data\Migrations\20250808130107_InitialCreate.cs","backend\MomSite.Infrastructure\Data\Migrations\20250808130107_InitialCreate.cs","InitialCreate::Up","MomSite.Infrastructure.Data.Migrations::InitialCreate::Up( MigrationBuilder migrationBuilder)",15,220
15,1,61,1,20,"InitialCreate::Down@223-242@backend\MomSite.Infrastructure\Data\Migrations\20250808130107_InitialCreate.cs","backend\MomSite.Infrastructure\Data\Migrations\20250808130107_InitialCreate.cs","InitialCreate::Down","MomSite.Infrastructure.Data.Migrations::InitialCreate::Down( MigrationBuilder migrationBuilder)",223,242
421,1,2995,1,508,"InitialCreate::BuildTargetModel@19-526@backend\MomSite.Infrastructure\Data\Migrations\20250808130107_InitialCreate.Designer.cs","backend\MomSite.Infrastructure\Data\Migrations\20250808130107_InitialCreate.Designer.cs","InitialCreate::BuildTargetModel","MomSite.Infrastructure.Data.Migrations::InitialCreate::BuildTargetModel( ModelBuilder modelBuilder)",19,526
121,1,1734,1,140,"AddVideoPathToVideo::Up@12-151@backend\MomSite.Infrastructure\Data\Migrations\20250808205512_AddVideoPathToVideo.cs","backend\MomSite.Infrastructure\Data\Migrations\20250808205512_AddVideoPathToVideo.cs","AddVideoPathToVideo::Up","MomSite.Infrastructure.Data.Migrations::AddVideoPathToVideo::Up( MigrationBuilder migrationBuilder)",12,151
121,1,1734,1,140,"AddVideoPathToVideo::Down@154-293@backend\MomSite.Infrastructure\Data\Migrations\20250808205512_AddVideoPathToVideo.cs","backend\MomSite.Infrastructure\Data\Migrations\20250808205512_AddVideoPathToVideo.cs","AddVideoPathToVideo::Down","MomSite.Infrastructure.Data.Migrations::AddVideoPathToVideo::Down( MigrationBuilder migrationBuilder)",154,293
421,1,2995,1,508,"AddVideoPathToVideo::BuildTargetModel@19-526@backend\MomSite.Infrastructure\Data\Migrations\20250808205512_AddVideoPathToVideo.Designer.cs","backend\MomSite.Infrastructure\Data\Migrations\20250808205512_AddVideoPathToVideo.Designer.cs","AddVideoPathToVideo::BuildTargetModel","MomSite.Infrastructure.Data.Migrations::AddVideoPathToVideo::BuildTargetModel( ModelBuilder modelBuilder)",19,526
101,1,1456,1,117,"RemoveReviewsTable::Up@15-131@backend\MomSite.Infrastructure\Data\Migrations\20250810154240_RemoveReviewsTable.cs","backend\MomSite.Infrastructure\Data\Migrations\20250810154240_RemoveReviewsTable.cs","RemoveReviewsTable::Up","MomSite.Infrastructure.Data.Migrations::RemoveReviewsTable::Up( MigrationBuilder migrationBuilder)",15,131
125,1,1867,1,142,"RemoveReviewsTable::Down@134-275@backend\MomSite.Infrastructure\Data\Migrations\20250810154240_RemoveReviewsTable.cs","backend\MomSite.Infrastructure\Data\Migrations\20250810154240_RemoveReviewsTable.cs","RemoveReviewsTable::Down","MomSite.Infrastructure.Data.Migrations::RemoveReviewsTable::Down( MigrationBuilder migrationBuilder)",134,275
363,1,2570,1,439,"RemoveReviewsTable::BuildTargetModel@19-457@backend\MomSite.Infrastructure\Data\Migrations\20250810154240_RemoveReviewsTable.Designer.cs","backend\MomSite.Infrastructure\Data\Migrations\20250810154240_RemoveReviewsTable.Designer.cs","RemoveReviewsTable::BuildTargetModel","MomSite.Infrastructure.Data.Migrations::RemoveReviewsTable::BuildTargetModel( ModelBuilder modelBuilder)",19,457
107,1,1636,1,123,"AddHomeBiographyAndAuthorPhoto_NewIds::Up@14-136@backend\MomSite.Infrastructure\Data\Migrations\20250810174739_AddHomeBiographyAndAuthorPhoto_NewIds.cs","backend\MomSite.Infrastructure\Data\Migrations\20250810174739_AddHomeBiographyAndAuthorPhoto_NewIds.cs","AddHomeBiographyAndAuthorPhoto_NewIds::Up","MomSite.Infrastructure.Data.Migrations::AddHomeBiographyAndAuthorPhoto_NewIds::Up( MigrationBuilder migrationBuilder)",14,136
107,1,1481,1,124,"AddHomeBiographyAndAuthorPhoto_NewIds::Down@139-262@backend\MomSite.Infrastructure\Data\Migrations\20250810174739_AddHomeBiographyAndAuthorPhoto_NewIds.cs","backend\MomSite.Infrastructure\Data\Migrations\20250810174739_AddHomeBiographyAndAuthorPhoto_NewIds.cs","AddHomeBiographyAndAuthorPhoto_NewIds::Down","MomSite.Infrastructure.Data.Migrations::AddHomeBiographyAndAuthorPhoto_NewIds::Down( MigrationBuilder migrationBuilder)",139,262
385,1,2740,1,461,"AddHomeBiographyAndAuthorPhoto_NewIds::BuildTargetModel@19-479@backend\MomSite.Infrastructure\Data\Migrations\20250810174739_AddHomeBiographyAndAuthorPhoto_NewIds.Designer.cs","backend\MomSite.Infrastructure\Data\Migrations\20250810174739_AddHomeBiographyAndAuthorPhoto_NewIds.Designer.cs","AddHomeBiographyAndAuthorPhoto_NewIds::BuildTargetModel","MomSite.Infrastructure.Data.Migrations::AddHomeBiographyAndAuthorPhoto_NewIds::BuildTargetModel( ModelBuilder modelBuilder)",19,479
132,1,2752,1,150,"AddFooterContent::Up@14-163@backend\MomSite.Infrastructure\Data\Migrations\20250811161941_AddFooterContent.cs","backend\MomSite.Infrastructure\Data\Migrations\20250811161941_AddFooterContent.cs","AddFooterContent::Up","MomSite.Infrastructure.Data.Migrations::AddFooterContent::Up( MigrationBuilder migrationBuilder)",14,163
171,1,1882,1,203,"AddFooterContent::Down@166-368@backend\MomSite.Infrastructure\Data\Migrations\20250811161941_AddFooterContent.cs","backend\MomSite.Infrastructure\Data\Migrations\20250811161941_AddFooterContent.cs","AddFooterContent::Down","MomSite.Infrastructure.Data.Migrations::AddFooterContent::Down( MigrationBuilder migrationBuilder)",166,368
550,1,4015,1,626,"AddFooterContent::BuildTargetModel@19-644@backend\MomSite.Infrastructure\Data\Migrations\20250811161941_AddFooterContent.Designer.cs","backend\MomSite.Infrastructure\Data\Migrations\20250811161941_AddFooterContent.Designer.cs","AddFooterContent::BuildTargetModel","MomSite.Infrastructure.Data.Migrations::AddFooterContent::BuildTargetModel( ModelBuilder modelBuilder)",19,644
9,1,35,1,13,"AddShowOnHomeToCategory::Up@11-23@backend\MomSite.Infrastructure\Data\Migrations\20260427114540_AddShowOnHomeToCategory.cs","backend\MomSite.Infrastructure\Data\Migrations\20260427114540_AddShowOnHomeToCategory.cs","AddShowOnHomeToCategory::Up","MomSite.Infrastructure.Data.Migrations::AddShowOnHomeToCategory::Up( MigrationBuilder migrationBuilder)",11,23
6,1,20,1,6,"AddShowOnHomeToCategory::Down@26-31@backend\MomSite.Infrastructure\Data\Migrations\20260427114540_AddShowOnHomeToCategory.cs","backend\MomSite.Infrastructure\Data\Migrations\20260427114540_AddShowOnHomeToCategory.cs","AddShowOnHomeToCategory::Down","MomSite.Infrastructure.Data.Migrations::AddShowOnHomeToCategory::Down( MigrationBuilder migrationBuilder)",26,31
552,1,4030,1,629,"AddShowOnHomeToCategory::BuildTargetModel@19-647@backend\MomSite.Infrastructure\Data\Migrations\20260427114540_AddShowOnHomeToCategory.Designer.cs","backend\MomSite.Infrastructure\Data\Migrations\20260427114540_AddShowOnHomeToCategory.Designer.cs","AddShowOnHomeToCategory::BuildTargetModel","MomSite.Infrastructure.Data.Migrations::AddShowOnHomeToCategory::BuildTargetModel( ModelBuilder modelBuilder)",19,647
3,1,7,1,11,"RemoveSeedData::Up@11-21@backend\MomSite.Infrastructure\Data\Migrations\20260427120500_RemoveSeedData.cs","backend\MomSite.Infrastructure\Data\Migrations\20260427120500_RemoveSeedData.cs","RemoveSeedData::Up","MomSite.Infrastructure.Data.Migrations::RemoveSeedData::Up( MigrationBuilder migrationBuilder)",11,21
3,1,7,1,6,"RemoveSeedData::Down@24-29@backend\MomSite.Infrastructure\Data\Migrations\20260427120500_RemoveSeedData.cs","backend\MomSite.Infrastructure\Data\Migrations\20260427120500_RemoveSeedData.cs","RemoveSeedData::Down","MomSite.Infrastructure.Data.Migrations::RemoveSeedData::Down( MigrationBuilder migrationBuilder)",24,29
192,1,1234,1,269,"RemoveSeedData::BuildTargetModel@19-287@backend\MomSite.Infrastructure\Data\Migrations\20260427120500_RemoveSeedData.Designer.cs","backend\MomSite.Infrastructure\Data\Migrations\20260427120500_RemoveSeedData.Designer.cs","RemoveSeedData::BuildTargetModel","MomSite.Infrastructure.Data.Migrations::RemoveSeedData::BuildTargetModel( ModelBuilder modelBuilder)",19,287
33,1,342,1,35,"AddContactMessages::Up@13-47@backend\MomSite.Infrastructure\Data\Migrations\20260918170134_AddContactMessages.cs","backend\MomSite.Infrastructure\Data\Migrations\20260918170134_AddContactMessages.cs","AddContactMessages::Up","MomSite.Infrastructure.Data.Migrations::AddContactMessages::Up( MigrationBuilder migrationBuilder)",13,47
5,1,16,1,5,"AddContactMessages::Down@50-54@backend\MomSite.Infrastructure\Data\Migrations\20260918170134_AddContactMessages.cs","backend\MomSite.Infrastructure\Data\Migrations\20260918170134_AddContactMessages.cs","AddContactMessages::Down","MomSite.Infrastructure.Data.Migrations::AddContactMessages::Down( MigrationBuilder migrationBuilder)",50,54
240,1,1543,1,331,"AddContactMessages::BuildTargetModel@19-349@backend\MomSite.Infrastructure\Data\Migrations\20260918170134_AddContactMessages.Designer.cs","backend\MomSite.Infrastructure\Data\Migrations\20260918170134_AddContactMessages.Designer.cs","AddContactMessages::BuildTargetModel","MomSite.Infrastructure.Data.Migrations::AddContactMessages::BuildTargetModel( ModelBuilder modelBuilder)",19,349
42,1,348,1,45,"AddReviewsTable::Up@13-57@backend\MomSite.Infrastructure\Data\Migrations\20260919052526_AddReviewsTable.cs","backend\MomSite.Infrastructure\Data\Migrations\20260919052526_AddReviewsTable.cs","AddReviewsTable::Up","MomSite.Infrastructure.Data.Migrations::AddReviewsTable::Up( MigrationBuilder migrationBuilder)",13,57
5,1,16,1,5,"AddReviewsTable::Down@60-64@backend\MomSite.Infrastructure\Data\Migrations\20260919052526_AddReviewsTable.cs","backend\MomSite.Infrastructure\Data\Migrations\20260919052526_AddReviewsTable.cs","AddReviewsTable::Down","MomSite.Infrastructure.Data.Migrations::AddReviewsTable::Down( MigrationBuilder migrationBuilder)",60,64
286,1,1842,1,396,"AddReviewsTable::BuildTargetModel@19-414@backend\MomSite.Infrastructure\Data\Migrations\20260919052526_AddReviewsTable.Designer.cs","backend\MomSite.Infrastructure\Data\Migrations\20260919052526_AddReviewsTable.Designer.cs","AddReviewsTable::BuildTargetModel","MomSite.Infrastructure.Data.Migrations::AddReviewsTable::BuildTargetModel( ModelBuilder modelBuilder)",19,414
32,1,232,1,34,"AddArtworkImages::Up@13-46@backend\MomSite.Infrastructure\Data\Migrations\20261002161840_AddArtworkImages.cs","backend\MomSite.Infrastructure\Data\Migrations\20261002161840_AddArtworkImages.cs","AddArtworkImages::Up","MomSite.Infrastructure.Data.Migrations::AddArtworkImages::Up( MigrationBuilder migrationBuilder)",13,46
5,1,16,1,5,"AddArtworkImages::Down@49-53@backend\MomSite.Infrastructure\Data\Migrations\20261002161840_AddArtworkImages.cs","backend\MomSite.Infrastructure\Data\Migrations\20261002161840_AddArtworkImages.cs","AddArtworkImages::Down","MomSite.Infrastructure.Data.Migrations::AddArtworkImages::Down( MigrationBuilder migrationBuilder)",49,53
323,1,2072,1,446,"AddArtworkImages::BuildTargetModel@19-464@backend\MomSite.Infrastructure\Data\Migrations\20261002161840_AddArtworkImages.Designer.cs","backend\MomSite.Infrastructure\Data\Migrations\20261002161840_AddArtworkImages.Designer.cs","AddArtworkImages::BuildTargetModel","MomSite.Infrastructure.Data.Migrations::AddArtworkImages::BuildTargetModel( ModelBuilder modelBuilder)",19,464
105,1,823,1,114,"AddBlog::Up@13-126@backend\MomSite.Infrastructure\Data\Migrations\20261002174348_AddBlog.cs","backend\MomSite.Infrastructure\Data\Migrations\20261002174348_AddBlog.cs","AddBlog::Up","MomSite.Infrastructure.Data.Migrations::AddBlog::Up( MigrationBuilder migrationBuilder)",13,126
9,1,34,1,11,"AddBlog::Down@129-139@backend\MomSite.Infrastructure\Data\Migrations\20261002174348_AddBlog.cs","backend\MomSite.Infrastructure\Data\Migrations\20261002174348_AddBlog.cs","AddBlog::Down","MomSite.Infrastructure.Data.Migrations::AddBlog::Down( MigrationBuilder migrationBuilder)",129,139
401,1,2558,1,553,"AddBlog::BuildTargetModel@19-571@backend\MomSite.Infrastructure\Data\Migrations\20261002174348_AddBlog.Designer.cs","backend\MomSite.Infrastructure\Data\Migrations\20261002174348_AddBlog.Designer.cs","AddBlog::BuildTargetModel","MomSite.Infrastructure.Data.Migrations::AddBlog::BuildTargetModel( ModelBuilder modelBuilder)",19,571
37,1,170,1,43,"AddArtworkCatalogFields::Up@11-53@backend\MomSite.Infrastructure\Data\Migrations\20261002203512_AddArtworkCatalogFields.cs","backend\MomSite.Infrastructure\Data\Migrations\20261002203512_AddArtworkCatalogFields.cs","AddArtworkCatalogFields::Up","MomSite.Infrastructure.Data.Migrations::AddArtworkCatalogFields::Up( MigrationBuilder migrationBuilder)",11,53
21,1,85,1,26,"AddArtworkCatalogFields::Down@56-81@backend\MomSite.Infrastructure\Data\Migrations\20261002203512_AddArtworkCatalogFields.cs","backend\MomSite.Infrastructure\Data\Migrations\20261002203512_AddArtworkCatalogFields.cs","AddArtworkCatalogFields::Down","MomSite.Infrastructure.Data.Migrations::AddArtworkCatalogFields::Down( MigrationBuilder migrationBuilder)",56,81
452,1,2882,1,623,"AddArtworkCatalogFields::BuildTargetModel@19-641@backend\MomSite.Infrastructure\Data\Migrations\20261002203512_AddArtworkCatalogFields.Designer.cs","backend\MomSite.Infrastructure\Data\Migrations\20261002203512_AddArtworkCatalogFields.Designer.cs","AddArtworkCatalogFields::BuildTargetModel","MomSite.Infrastructure.Data.Migrations::AddArtworkCatalogFields::BuildTargetModel( ModelBuilder modelBuilder)",19,641
452,1,2882,1,623,"ApplicationDbContextModelSnapshot::BuildModel@16-638@backend\MomSite.Infrastructure\Data\Migrations\ApplicationDbContextModelSnapshot.cs","backend\MomSite.Infrastructure\Data\Migrations\ApplicationDbContextModelSnapshot.cs","ApplicationDbContextModelSnapshot::BuildModel","MomSite.Infrastructure.Data.Migrations::ApplicationDbContextModelSnapshot::BuildModel( ModelBuilder modelBuilder)",16,638
3,1,15,1,3,"ApplicationDbContext::ApplicationDbContext@9-11@backend\MomSite.Infrastructure\Data\ApplicationDbContext.cs","backend\MomSite.Infrastructure\Data\ApplicationDbContext.cs","ApplicationDbContext::ApplicationDbContext","ApplicationDbContext::ApplicationDbContext( DbContextOptions<ApplicationDbContext> options)",9,11
97,1,1111,1,122,"ApplicationDbContext::OnModelCreating@26-147@backend\MomSite.Infrastructure\Data\ApplicationDbContext.cs","backend\MomSite.Infrastructure\Data\ApplicationDbContext.cs","ApplicationDbContext::OnModelCreating","ApplicationDbContext::OnModelCreating( ModelBuilder modelBuilder)",26,147
41,1,421,1,43,"ApplicationDbContext::ConfigureBlog@149-191@backend\MomSite.Infrastructure\Data\ApplicationDbContext.cs","backend\MomSite.Infrastructure\Data\ApplicationDbContext.cs","ApplicationDbContext::ConfigureBlog","ApplicationDbContext::ConfigureBlog( ModelBuilder modelBuilder)",149,191
5,1,16,0,5,"ApplicationDbContext::SaveChanges@193-197@backend\MomSite.Infrastructure\Data\ApplicationDbContext.cs","backend\MomSite.Infrastructure\Data\ApplicationDbContext.cs","ApplicationDbContext::SaveChanges","ApplicationDbContext::SaveChanges()",193,197
5,1,22,1,5,"ApplicationDbContext::SaveChangesAsync@199-203@backend\MomSite.Infrastructure\Data\ApplicationDbContext.cs","backend\MomSite.Infrastructure\Data\ApplicationDbContext.cs","ApplicationDbContext::SaveChangesAsync","ApplicationDbContext::SaveChangesAsync( CancellationToken cancellationToken = default)",199,203
14,3,65,0,14,"ApplicationDbContext::LogChanges@205-218@backend\MomSite.Infrastructure\Data\ApplicationDbContext.cs","backend\MomSite.Infrastructure\Data\ApplicationDbContext.cs","ApplicationDbContext::LogChanges","ApplicationDbContext::LogChanges()",205,218
1,1,12,1,1,"ArtworkQueryExtensions::Visible@11-11@backend\MomSite.Infrastructure\Data\ArtworkQueryExtensions.cs","backend\MomSite.Infrastructure\Data\ArtworkQueryExtensions.cs","ArtworkQueryExtensions::Visible","ArtworkQueryExtensions::Visible( this IQueryable<Artwork> query)",11,11
4,1,14,1,4,"EmailNotifier::EmailNotifier@23-26@backend\MomSite.Infrastructure\Notifications\EmailNotifier.cs","backend\MomSite.Infrastructure\Notifications\EmailNotifier.cs","EmailNotifier::EmailNotifier","EmailNotifier::EmailNotifier( ILogger<EmailNotifier> logger)",23,26
47,8,294,2,56,"EmailNotifier::NotifyAsync@32-87@backend\MomSite.Infrastructure\Notifications\EmailNotifier.cs","backend\MomSite.Infrastructure\Notifications\EmailNotifier.cs","EmailNotifier::NotifyAsync","EmailNotifier::NotifyAsync( ContactMessage message , CancellationToken cancellationToken = default)",32,87
2,2,18,1,2,"EmailNotifier::SecurityForPort@94-95@backend\MomSite.Infrastructure\Notifications\EmailNotifier.cs","backend\MomSite.Infrastructure\Notifications\EmailNotifier.cs","EmailNotifier::SecurityForPort","EmailNotifier::SecurityForPort( int port)",94,95
7,2,62,1,8,"LeadSource::Describe@12-19@backend\MomSite.Infrastructure\Notifications\LeadSource.cs","backend\MomSite.Infrastructure\Notifications\LeadSource.cs","LeadSource::Describe","LeadSource::Describe( ContactMessage message)",12,19
5,1,21,2,5,"TelegramNotifier::TelegramNotifier@24-28@backend\MomSite.Infrastructure\Notifications\TelegramNotifier.cs","backend\MomSite.Infrastructure\Notifications\TelegramNotifier.cs","TelegramNotifier::TelegramNotifier","TelegramNotifier::TelegramNotifier( IHttpClientFactory httpClientFactory , ILogger<TelegramNotifier> logger)",24,28
20,2,142,2,25,"TelegramNotifier::NotifyAsync@38-62@backend\MomSite.Infrastructure\Notifications\TelegramNotifier.cs","backend\MomSite.Infrastructure\Notifications\TelegramNotifier.cs","TelegramNotifier::NotifyAsync","TelegramNotifier::NotifyAsync( ContactMessage message , CancellationToken cancellationToken = default)",38,62
20,2,143,2,25,"TelegramNotifier::NotifyAsync@64-88@backend\MomSite.Infrastructure\Notifications\TelegramNotifier.cs","backend\MomSite.Infrastructure\Notifications\TelegramNotifier.cs","TelegramNotifier::NotifyAsync","TelegramNotifier::NotifyAsync( Review review , CancellationToken cancellationToken = default)",64,88
16,2,76,1,19,"TelegramNotifier::BuildReviewText@94-112@backend\MomSite.Infrastructure\Notifications\TelegramNotifier.cs","backend\MomSite.Infrastructure\Notifications\TelegramNotifier.cs","TelegramNotifier::BuildReviewText","TelegramNotifier::BuildReviewText( Review review)",94,112
14,1,65,1,17,"TelegramNotifier::BuildText@119-135@backend\MomSite.Infrastructure\Notifications\TelegramNotifier.cs","backend\MomSite.Infrastructure\Notifications\TelegramNotifier.cs","TelegramNotifier::BuildText","TelegramNotifier::BuildText( ContactMessage message)",119,135
1,1,20,1,1,"ArtworkImageResult::Ok@12-12@backend\MomSite.Infrastructure\Services\ArtworkImageService.cs","backend\MomSite.Infrastructure\Services\ArtworkImageService.cs","ArtworkImageResult::Ok","Ok( IReadOnlyList<ArtworkImage> images)",12,12
1,1,22,0,1,"ArtworkImageResult::NotFound@13-13@backend\MomSite.Infrastructure\Services\ArtworkImageService.cs","backend\MomSite.Infrastructure\Services\ArtworkImageService.cs","ArtworkImageResult::NotFound","NotFound()",13,13
1,1,24,1,1,"ArtworkImageResult::BadRequest@14-14@backend\MomSite.Infrastructure\Services\ArtworkImageService.cs","backend\MomSite.Infrastructure\Services\ArtworkImageService.cs","ArtworkImageResult::BadRequest","BadRequest( string message)",14,14
5,1,18,2,5,"ArtworkImageService::ArtworkImageService@35-39@backend\MomSite.Infrastructure\Services\ArtworkImageService.cs","backend\MomSite.Infrastructure\Services\ArtworkImageService.cs","ArtworkImageService::ArtworkImageService","ArtworkImageService::ArtworkImageService( ApplicationDbContext context , IImageService imageService)",35,39
14,3,122,2,17,"ArtworkImageService::AddImagesAsync@41-57@backend\MomSite.Infrastructure\Services\ArtworkImageService.cs","backend\MomSite.Infrastructure\Services\ArtworkImageService.cs","ArtworkImageService::AddImagesAsync","ArtworkImageService::AddImagesAsync( int artworkId , IReadOnlyList<IFormFile> files)",41,57
12,5,119,2,15,"ArtworkImageService::DeleteImageAsync@59-73@backend\MomSite.Infrastructure\Services\ArtworkImageService.cs","backend\MomSite.Infrastructure\Services\ArtworkImageService.cs","ArtworkImageService::DeleteImageAsync","ArtworkImageService::DeleteImageAsync( int artworkId , int imageId)",59,73
14,5,148,2,17,"ArtworkImageService::ReorderAsync@75-91@backend\MomSite.Infrastructure\Services\ArtworkImageService.cs","backend\MomSite.Infrastructure\Services\ArtworkImageService.cs","ArtworkImageService::ReorderAsync","ArtworkImageService::ReorderAsync( int artworkId , IReadOnlyList<int> imageIds)",75,91
17,2,105,2,18,"ArtworkImageService::SetCoverAsync@93-110@backend\MomSite.Infrastructure\Services\ArtworkImageService.cs","backend\MomSite.Infrastructure\Services\ArtworkImageService.cs","ArtworkImageService::SetCoverAsync","ArtworkImageService::SetCoverAsync( Artwork artwork , IFormFile file)",93,110
9,1,59,1,9,"ArtworkImageService::DeleteAllFiles@112-120@backend\MomSite.Infrastructure\Services\ArtworkImageService.cs","backend\MomSite.Infrastructure\Services\ArtworkImageService.cs","ArtworkImageService::DeleteAllFiles","ArtworkImageService::DeleteAllFiles( Artwork artwork)",112,120
9,4,69,2,9,"ArtworkImageService::ValidateFiles@122-130@backend\MomSite.Infrastructure\Services\ArtworkImageService.cs","backend\MomSite.Infrastructure\Services\ArtworkImageService.cs","ArtworkImageService::ValidateFiles","ArtworkImageService::ValidateFiles( IReadOnlyList<IFormFile> files , int existing)",122,130
8,5,60,1,8,"ArtworkImageService::ValidateFile@132-139@backend\MomSite.Infrastructure\Services\ArtworkImageService.cs","backend\MomSite.Infrastructure\Services\ArtworkImageService.cs","ArtworkImageService::ValidateFile","ArtworkImageService::ValidateFile( IFormFile file)",132,139
7,1,34,3,7,"ArtworkImageService::NewImage@141-147@backend\MomSite.Infrastructure\Services\ArtworkImageService.cs","backend\MomSite.Infrastructure\Services\ArtworkImageService.cs","ArtworkImageService::NewImage","ArtworkImageService::NewImage( string path , string thumb , int sortOrder)",141,147
20,1,21,0,187,"*global*@0-186@backend\MomSite.Infrastructure\Services\ArtworkImageService.cs","backend\MomSite.Infrastructure\Services\ArtworkImageService.cs","*global*","*global*",0,186
4,1,37,1,4,"ArtworkImageService::DeleteFiles@149-152@backend\MomSite.Infrastructure\Services\ArtworkImageService.cs","backend\MomSite.Infrastructure\Services\ArtworkImageService.cs","ArtworkImageService::DeleteFiles","ArtworkImageService::DeleteFiles( params string [ ] paths)",149,152
7,1,59,1,7,"ArtworkImageService::StoreAsync@154-160@backend\MomSite.Infrastructure\Services\ArtworkImageService.cs","backend\MomSite.Infrastructure\Services\ArtworkImageService.cs","ArtworkImageService::StoreAsync","ArtworkImageService::StoreAsync( IFormFile file)",154,160
9,4,84,1,9,"ArtworkImageService::LoadAsync@162-170@backend\MomSite.Infrastructure\Services\ArtworkImageService.cs","backend\MomSite.Infrastructure\Services\ArtworkImageService.cs","ArtworkImageService::LoadAsync","ArtworkImageService::LoadAsync( int artworkId)",162,170
1,1,23,1,1,"ArtworkImageService::Ordered@172-172@backend\MomSite.Infrastructure\Services\ArtworkImageService.cs","backend\MomSite.Infrastructure\Services\ArtworkImageService.cs","ArtworkImageService::Ordered","ArtworkImageService::Ordered( Artwork artwork)",172,172
12,3,87,1,12,"ArtworkImageService::FinalizeAsync@174-185@backend\MomSite.Infrastructure\Services\ArtworkImageService.cs","backend\MomSite.Infrastructure\Services\ArtworkImageService.cs","ArtworkImageService::FinalizeAsync","ArtworkImageService::FinalizeAsync( Artwork artwork)",174,185
5,1,18,2,5,"WindowState::FixedWindowContactRateLimiter@37-41@backend\MomSite.Infrastructure\Services\FixedWindowContactRateLimiter.cs","backend\MomSite.Infrastructure\Services\FixedWindowContactRateLimiter.cs","WindowState::FixedWindowContactRateLimiter","FixedWindowContactRateLimiter::FixedWindowContactRateLimiter( ContactRateLimiterOptions options , TimeProvider timeProvider)",37,41
20,3,105,1,23,"WindowState::TryAcquire@43-65@backend\MomSite.Infrastructure\Services\FixedWindowContactRateLimiter.cs","backend\MomSite.Infrastructure\Services\FixedWindowContactRateLimiter.cs","WindowState::TryAcquire","FixedWindowContactRateLimiter::TryAcquire( string clientKey)",43,65
7,1,27,3,7,"FrontendCacheInvalidator::FrontendCacheInvalidator@21-27@backend\MomSite.Infrastructure\Services\FrontendCacheInvalidator.cs","backend\MomSite.Infrastructure\Services\FrontendCacheInvalidator.cs","FrontendCacheInvalidator::FrontendCacheInvalidator","FrontendCacheInvalidator::FrontendCacheInvalidator( HttpClient httpClient , IConfiguration configuration , ILogger<FrontendCacheInvalidator> logger)",21,27
11,1,35,4,11,"FrontendCacheInvalidator::FrontendCacheInvalidator@29-39@backend\MomSite.Infrastructure\Services\FrontendCacheInvalidator.cs","backend\MomSite.Infrastructure\Services\FrontendCacheInvalidator.cs","FrontendCacheInvalidator::FrontendCacheInvalidator","FrontendCacheInvalidator::FrontendCacheInvalidator( HttpClient httpClient , IConfiguration configuration , ILogger<FrontendCacheInvalidator> logger , TimeSpan timeout)",29,39
26,5,153,1,27,"FrontendCacheInvalidator::InvalidateAsync@41-67@backend\MomSite.Infrastructure\Services\FrontendCacheInvalidator.cs","backend\MomSite.Infrastructure\Services\FrontendCacheInvalidator.cs","FrontendCacheInvalidator::InvalidateAsync","FrontendCacheInvalidator::InvalidateAsync( CancellationToken cancellationToken = default)",41,67
21,2,213,1,25,"ImageService::ImageService@32-56@backend\MomSite.Infrastructure\Services\ImageService.cs","backend\MomSite.Infrastructure\Services\ImageService.cs","ImageService::ImageService","ImageService::ImageService( IS3Service s3Service)",32,56
32,4,207,2,40,"ImageService::SaveImageAsync@58-97@backend\MomSite.Infrastructure\Services\ImageService.cs","backend\MomSite.Infrastructure\Services\ImageService.cs","ImageService::SaveImageAsync","ImageService::SaveImageAsync( IFormFile file , string folder)",58,97
99,9,670,3,143,"ImageService::CreateThumbnailAsync@99-241@backend\MomSite.Infrastructure\Services\ImageService.cs","backend\MomSite.Infrastructure\Services\ImageService.cs","ImageService::CreateThumbnailAsync","ImageService::CreateThumbnailAsync( string imagePath , int width , int height)",99,241
74,7,512,2,107,"ImageService::AddWatermarkAsync@243-349@backend\MomSite.Infrastructure\Services\ImageService.cs","backend\MomSite.Infrastructure\Services\ImageService.cs","ImageService::AddWatermarkAsync","ImageService::AddWatermarkAsync( string imagePath , string watermarkText)",243,349
58,6,410,3,79,"ImageService::AddCornerWatermark@351-429@backend\MomSite.Infrastructure\Services\ImageService.cs","backend\MomSite.Infrastructure\Services\ImageService.cs","ImageService::AddCornerWatermark","ImageService::AddCornerWatermark( Image image , int width , int height)",351,429
18,1,156,6,25,"ImageService::CreateFallbackWatermark@431-455@backend\MomSite.Infrastructure\Services\ImageService.cs","backend\MomSite.Infrastructure\Services\ImageService.cs","ImageService::CreateFallbackWatermark","ImageService::CreateFallbackWatermark( Image image , int width , int height , string watermarkText , float fontSize , float padding)",431,455
11,1,53,1,11,"ImageService::GetImageFormat@457-467@backend\MomSite.Infrastructure\Services\ImageService.cs","backend\MomSite.Infrastructure\Services\ImageService.cs","ImageService::GetImageFormat","ImageService::GetImageFormat( string extension)",457,467
17,4,82,1,21,"ImageService::DeleteImage@469-489@backend\MomSite.Infrastructure\Services\ImageService.cs","backend\MomSite.Infrastructure\Services\ImageService.cs","ImageService::DeleteImage","ImageService::DeleteImage( string imagePath)",469,489
109,11,645,3,141,"ImageService::CreateVideoThumbnailAsync@491-631@backend\MomSite.Infrastructure\Services\ImageService.cs","backend\MomSite.Infrastructure\Services\ImageService.cs","ImageService::CreateVideoThumbnailAsync","ImageService::CreateVideoThumbnailAsync( string videoPath , int width , int height)",491,631
4,1,8,0,4,"ImageService::GetWatermarkText@633-636@backend\MomSite.Infrastructure\Services\ImageService.cs","backend\MomSite.Infrastructure\Services\ImageService.cs","ImageService::GetWatermarkText","ImageService::GetWatermarkText()",633,636
27,6,217,1,32,"S3Service::S3Service@25-56@backend\MomSite.Infrastructure\Services\S3Service.cs","backend\MomSite.Infrastructure\Services\S3Service.cs","S3Service::S3Service","MomSite.Infrastructure.Services::S3Service::S3Service( IConfiguration configuration)",25,56
20,2,70,0,23,"S3Service::TestConnectionAsync@58-80@backend\MomSite.Infrastructure\Services\S3Service.cs","backend\MomSite.Infrastructure\Services\S3Service.cs","S3Service::TestConnectionAsync","MomSite.Infrastructure.Services::S3Service::TestConnectionAsync()",58,80
27,2,122,3,34,"S3Service::UploadFileAsync@82-115@backend\MomSite.Infrastructure\Services\S3Service.cs","backend\MomSite.Infrastructure\Services\S3Service.cs","S3Service::UploadFileAsync","MomSite.Infrastructure.Services::S3Service::UploadFileAsync( Stream fileStream , string fileName , string contentType)",82,115
21,3,74,1,24,"S3Service::DeleteFileAsync@117-140@backend\MomSite.Infrastructure\Services\S3Service.cs","backend\MomSite.Infrastructure\Services\S3Service.cs","S3Service::DeleteFileAsync","MomSite.Infrastructure.Services::S3Service::DeleteFileAsync( string fileUrl)",117,140
4,1,11,1,5,"S3Service::GetFileUrlAsync@142-146@backend\MomSite.Infrastructure\Services\S3Service.cs","backend\MomSite.Infrastructure\Services\S3Service.cs","S3Service::GetFileUrlAsync","MomSite.Infrastructure.Services::S3Service::GetFileUrlAsync( string fileName)",142,146
22,3,78,1,23,"S3Service::FileExistsAsync@148-170@backend\MomSite.Infrastructure\Services\S3Service.cs","backend\MomSite.Infrastructure\Services\S3Service.cs","S3Service::FileExistsAsync","MomSite.Infrastructure.Services::S3Service::FileExistsAsync( string fileName)",148,170
15,3,53,1,18,"S3Service::ExtractKeyFromUrl@172-189@backend\MomSite.Infrastructure\Services\S3Service.cs","backend\MomSite.Infrastructure\Services\S3Service.cs","S3Service::ExtractKeyFromUrl","MomSite.Infrastructure.Services::S3Service::ExtractKeyFromUrl( string fileUrl)",172,189
21,2,80,1,24,"S3Service::GetObjectAsync@191-214@backend\MomSite.Infrastructure\Services\S3Service.cs","backend\MomSite.Infrastructure\Services\S3Service.cs","S3Service::GetObjectAsync","MomSite.Infrastructure.Services::S3Service::GetObjectAsync( string key)",191,214
1,1,10,1,1,"BlogAdminControllerTests::BlogAdminControllerTests@22-22@backend\MomSite.Tests\Blog\BlogAdminControllerTests.cs","backend\MomSite.Tests\Blog\BlogAdminControllerTests.cs","BlogAdminControllerTests::BlogAdminControllerTests","BlogAdminControllerTests::BlogAdminControllerTests( BlogAdminWebApplicationFactory factory)",22,22
13,1,125,0,13,"BlogAdminControllerTests::ProtectedRequests@24-36@backend\MomSite.Tests\Blog\BlogAdminControllerTests.cs","backend\MomSite.Tests\Blog\BlogAdminControllerTests.cs","BlogAdminControllerTests::ProtectedRequests","BlogAdminControllerTests::ProtectedRequests()",24,36
5,1,48,2,5,"BlogAdminControllerTests::WithoutToken_Returns401@40-44@backend\MomSite.Tests\Blog\BlogAdminControllerTests.cs","backend\MomSite.Tests\Blog\BlogAdminControllerTests.cs","BlogAdminControllerTests::WithoutToken_Returns401","BlogAdminControllerTests::WithoutToken_Returns401( string method , string url)",40,44
8,1,44,0,8,"BlogAdminControllerTests::AdminClient@46-53@backend\MomSite.Tests\Blog\BlogAdminControllerTests.cs","backend\MomSite.Tests\Blog\BlogAdminControllerTests.cs","BlogAdminControllerTests::AdminClient","BlogAdminControllerTests::AdminClient()",46,53
7,1,26,2,7,"BlogAdminControllerTests::Post@55-61@backend\MomSite.Tests\Blog\BlogAdminControllerTests.cs","backend\MomSite.Tests\Blog\BlogAdminControllerTests.cs","BlogAdminControllerTests::Post","BlogAdminControllerTests::Post( string slug , DateTime ? publishedAt = null)",55,61
26,1,35,0,199,"*global*@0-198@backend\MomSite.Tests\Blog\BlogAdminControllerTests.cs","backend\MomSite.Tests\Blog\BlogAdminControllerTests.cs","*global*","*global*",0,198
2,1,18,1,2,"BlogAdminControllerTests::Json@63-64@backend\MomSite.Tests\Blog\BlogAdminControllerTests.cs","backend\MomSite.Tests\Blog\BlogAdminControllerTests.cs","BlogAdminControllerTests::Json","BlogAdminControllerTests::Json( HttpResponseMessage response)",63,64
10,1,105,0,11,"BlogAdminControllerTests::Create_Returns201WithFinalSlugAndDraftStatus@67-77@backend\MomSite.Tests\Blog\BlogAdminControllerTests.cs","backend\MomSite.Tests\Blog\BlogAdminControllerTests.cs","BlogAdminControllerTests::Create_Returns201WithFinalSlugAndDraftStatus","BlogAdminControllerTests::Create_Returns201WithFinalSlugAndDraftStatus()",67,77
7,1,64,0,7,"BlogAdminControllerTests::DuplicateSlug_GetsSuffix@80-86@backend\MomSite.Tests\Blog\BlogAdminControllerTests.cs","backend\MomSite.Tests\Blog\BlogAdminControllerTests.cs","BlogAdminControllerTests::DuplicateSlug_GetsSuffix","BlogAdminControllerTests::DuplicateSlug_GetsSuffix()",80,86
11,1,124,0,13,"BlogAdminControllerTests::ChangingSlugOfPublishedPost_Returns409@89-101@backend\MomSite.Tests\Blog\BlogAdminControllerTests.cs","backend\MomSite.Tests\Blog\BlogAdminControllerTests.cs","BlogAdminControllerTests::ChangingSlugOfPublishedPost_Returns409","BlogAdminControllerTests::ChangingSlugOfPublishedPost_Returns409()",89,101
7,1,77,0,8,"BlogAdminControllerTests::EmptyTitle_Returns400WithRussianFieldError@104-111@backend\MomSite.Tests\Blog\BlogAdminControllerTests.cs","backend\MomSite.Tests\Blog\BlogAdminControllerTests.cs","BlogAdminControllerTests::EmptyTitle_Returns400WithRussianFieldError","BlogAdminControllerTests::EmptyTitle_Returns400WithRussianFieldError()",104,111
5,1,34,0,5,"BlogAdminControllerTests::UnknownPost_Returns404@114-118@backend\MomSite.Tests\Blog\BlogAdminControllerTests.cs","backend\MomSite.Tests\Blog\BlogAdminControllerTests.cs","BlogAdminControllerTests::UnknownPost_Returns404","BlogAdminControllerTests::UnknownPost_Returns404()",114,118
7,1,83,0,8,"BlogAdminControllerTests::UploadGif_Returns400WithMessage@121-128@backend\MomSite.Tests\Blog\BlogAdminControllerTests.cs","backend\MomSite.Tests\Blog\BlogAdminControllerTests.cs","BlogAdminControllerTests::UploadGif_Returns400WithMessage","BlogAdminControllerTests::UploadGif_Returns400WithMessage()",121,128
12,1,144,0,14,"BlogAdminControllerTests::UploadJpeg_IsResizedAndSavedToBlogFolder@131-144@backend\MomSite.Tests\Blog\BlogAdminControllerTests.cs","backend\MomSite.Tests\Blog\BlogAdminControllerTests.cs","BlogAdminControllerTests::UploadJpeg_IsResizedAndSavedToBlogFolder","BlogAdminControllerTests::UploadJpeg_IsResizedAndSavedToBlogFolder()",131,144
6,1,49,3,6,"BlogAdminControllerTests::FileContent@146-151@backend\MomSite.Tests\Blog\BlogAdminControllerTests.cs","backend\MomSite.Tests\Blog\BlogAdminControllerTests.cs","BlogAdminControllerTests::FileContent","BlogAdminControllerTests::FileContent( byte [ ] bytes , string name , string contentType)",146,151
8,1,34,1,8,"BlogAdminWebApplicationFactory::ConfigureWebHost@158-165@backend\MomSite.Tests\Blog\BlogAdminControllerTests.cs","backend\MomSite.Tests\Blog\BlogAdminControllerTests.cs","BlogAdminWebApplicationFactory::ConfigureWebHost","BlogAdminWebApplicationFactory::ConfigureWebHost( IWebHostBuilder builder)",158,165
10,2,79,0,10,"BlogAdminWebApplicationFactory::SeedAsync@167-176@backend\MomSite.Tests\Blog\BlogAdminControllerTests.cs","backend\MomSite.Tests\Blog\BlogAdminControllerTests.cs","BlogAdminWebApplicationFactory::SeedAsync","BlogAdminWebApplicationFactory::SeedAsync()",167,176
8,1,43,2,8,"FakeImageService::SaveImageAsync@184-191@backend\MomSite.Tests\Blog\BlogAdminControllerTests.cs","backend\MomSite.Tests\Blog\BlogAdminControllerTests.cs","FakeImageService::SaveImageAsync","FakeImageService::SaveImageAsync( IFormFile file , string folder)",184,191
1,1,18,3,1,"FakeImageService::CreateThumbnailAsync@193-193@backend\MomSite.Tests\Blog\BlogAdminControllerTests.cs","backend\MomSite.Tests\Blog\BlogAdminControllerTests.cs","FakeImageService::CreateThumbnailAsync","FakeImageService::CreateThumbnailAsync( string imagePath , int width , int height)",193,193
1,1,15,2,1,"FakeImageService::AddWatermarkAsync@194-194@backend\MomSite.Tests\Blog\BlogAdminControllerTests.cs","backend\MomSite.Tests\Blog\BlogAdminControllerTests.cs","FakeImageService::AddWatermarkAsync","FakeImageService::AddWatermarkAsync( string imagePath , string watermarkText)",194,194
1,1,18,3,1,"FakeImageService::CreateVideoThumbnailAsync@195-195@backend\MomSite.Tests\Blog\BlogAdminControllerTests.cs","backend\MomSite.Tests\Blog\BlogAdminControllerTests.cs","FakeImageService::CreateVideoThumbnailAsync","FakeImageService::CreateVideoThumbnailAsync( string videoPath , int width , int height)",195,195
1,1,12,1,1,"FakeImageService::DeleteImage@196-196@backend\MomSite.Tests\Blog\BlogAdminControllerTests.cs","backend\MomSite.Tests\Blog\BlogAdminControllerTests.cs","FakeImageService::DeleteImage","FakeImageService::DeleteImage( string imagePath)",196,196
1,1,8,0,1,"FakeImageService::GetWatermarkText@197-197@backend\MomSite.Tests\Blog\BlogAdminControllerTests.cs","backend\MomSite.Tests\Blog\BlogAdminControllerTests.cs","FakeImageService::GetWatermarkText","FakeImageService::GetWatermarkText()",197,197
5,1,25,0,5,"BlogHtmlSanitizerTests::KeepsEditorFormatting@10-14@backend\MomSite.Tests\Blog\BlogHtmlSanitizerTests.cs","backend\MomSite.Tests\Blog\BlogHtmlSanitizerTests.cs","BlogHtmlSanitizerTests::KeepsEditorFormatting","BlogHtmlSanitizerTests::KeepsEditorFormatting()",10,14
2,1,23,2,2,"BlogHtmlSanitizerTests::RemovesDangerousMarkup@22-23@backend\MomSite.Tests\Blog\BlogHtmlSanitizerTests.cs","backend\MomSite.Tests\Blog\BlogHtmlSanitizerTests.cs","BlogHtmlSanitizerTests::RemovesDangerousMarkup","BlogHtmlSanitizerTests::RemovesDangerousMarkup( string input , string expected)",22,23
5,1,24,0,5,"BlogHtmlSanitizerTests::RemovesWordFormattingButKeepsText@26-30@backend\MomSite.Tests\Blog\BlogHtmlSanitizerTests.cs","backend\MomSite.Tests\Blog\BlogHtmlSanitizerTests.cs","BlogHtmlSanitizerTests::RemovesWordFormattingButKeepsText","BlogHtmlSanitizerTests::RemovesWordFormattingButKeepsText()",26,30
2,1,28,2,2,"BlogHtmlSanitizerTests::FiltersImagesBySource@39-40@backend\MomSite.Tests\Blog\BlogHtmlSanitizerTests.cs","backend\MomSite.Tests\Blog\BlogHtmlSanitizerTests.cs","BlogHtmlSanitizerTests::FiltersImagesBySource","BlogHtmlSanitizerTests::FiltersImagesBySource( string input , bool kept)",39,40
6,1,33,0,6,"BlogHtmlSanitizerTests::ExternalLinksGetNofollow@43-48@backend\MomSite.Tests\Blog\BlogHtmlSanitizerTests.cs","backend\MomSite.Tests\Blog\BlogHtmlSanitizerTests.cs","BlogHtmlSanitizerTests::ExternalLinksGetNofollow","BlogHtmlSanitizerTests::ExternalLinksGetNofollow()",43,48
5,1,24,0,5,"BlogHtmlSanitizerTests::InternalLinksStayPlain@51-55@backend\MomSite.Tests\Blog\BlogHtmlSanitizerTests.cs","backend\MomSite.Tests\Blog\BlogHtmlSanitizerTests.cs","BlogHtmlSanitizerTests::InternalLinksStayPlain","BlogHtmlSanitizerTests::InternalLinksStayPlain()",51,55
1,1,23,1,1,"BlogHtmlSanitizerTests::EmptyInputGivesEmpty@60-60@backend\MomSite.Tests\Blog\BlogHtmlSanitizerTests.cs","backend\MomSite.Tests\Blog\BlogHtmlSanitizerTests.cs","BlogHtmlSanitizerTests::EmptyInputGivesEmpty","BlogHtmlSanitizerTests::EmptyInputGivesEmpty( string ? input)",60,60
3,1,47,3,3,"BlogImageProcessorTests::MakeFile@10-12@backend\MomSite.Tests\Blog\BlogImageProcessorTests.cs","backend\MomSite.Tests\Blog\BlogImageProcessorTests.cs","BlogImageProcessorTests::MakeFile","BlogImageProcessorTests::MakeFile( byte [ ] bytes , string contentType , string name = 'photo.png')",10,12
10,1,23,0,58,"*global*@0-57@backend\MomSite.Tests\Blog\BlogImageProcessorTests.cs","backend\MomSite.Tests\Blog\BlogImageProcessorTests.cs","*global*","*global*",0,57
7,1,48,2,7,"BlogImageProcessorTests::Png@14-20@backend\MomSite.Tests\Blog\BlogImageProcessorTests.cs","backend\MomSite.Tests\Blog\BlogImageProcessorTests.cs","BlogImageProcessorTests::Png","BlogImageProcessorTests::Png( int w , int h)",14,20
2,1,25,0,2,"BlogImageProcessorTests::ValidateRejectsWrongType@23-24@backend\MomSite.Tests\Blog\BlogImageProcessorTests.cs","backend\MomSite.Tests\Blog\BlogImageProcessorTests.cs","BlogImageProcessorTests::ValidateRejectsWrongType","BlogImageProcessorTests::ValidateRejectsWrongType()",23,24
2,1,28,0,2,"BlogImageProcessorTests::ValidateRejectsEmpty@27-28@backend\MomSite.Tests\Blog\BlogImageProcessorTests.cs","backend\MomSite.Tests\Blog\BlogImageProcessorTests.cs","BlogImageProcessorTests::ValidateRejectsEmpty","BlogImageProcessorTests::ValidateRejectsEmpty()",27,28
2,1,25,0,2,"BlogImageProcessorTests::ValidateAcceptsJpeg@31-32@backend\MomSite.Tests\Blog\BlogImageProcessorTests.cs","backend\MomSite.Tests\Blog\BlogImageProcessorTests.cs","BlogImageProcessorTests::ValidateAcceptsJpeg","BlogImageProcessorTests::ValidateAcceptsJpeg()",31,32
10,1,98,0,10,"BlogImageProcessorTests::LargeImageIsShrunkToJpeg@35-44@backend\MomSite.Tests\Blog\BlogImageProcessorTests.cs","backend\MomSite.Tests\Blog\BlogImageProcessorTests.cs","BlogImageProcessorTests::LargeImageIsShrunkToJpeg","BlogImageProcessorTests::LargeImageIsShrunkToJpeg()",35,44
6,1,58,0,6,"BlogImageProcessorTests::SmallImageIsNotEnlarged@47-52@backend\MomSite.Tests\Blog\BlogImageProcessorTests.cs","backend\MomSite.Tests\Blog\BlogImageProcessorTests.cs","BlogImageProcessorTests::SmallImageIsNotEnlarged","BlogImageProcessorTests::SmallImageIsNotEnlarged()",47,52
2,1,28,0,2,"BlogImageProcessorTests::NotAnImageGivesNull@55-56@backend\MomSite.Tests\Blog\BlogImageProcessorTests.cs","backend\MomSite.Tests\Blog\BlogImageProcessorTests.cs","BlogImageProcessorTests::NotAnImageGivesNull","BlogImageProcessorTests::NotAnImageGivesNull()",55,56
10,1,23,0,58,"*global*@0-57@backend\MomSite.Tests\Blog\BlogImageProcessorTests.cs","backend\MomSite.Tests\Blog\BlogImageProcessorTests.cs","*global*","*global*",0,57
1,1,10,1,1,"BlogPublicControllerTests::BlogPublicControllerTests@15-15@backend\MomSite.Tests\Blog\BlogPublicControllerTests.cs","backend\MomSite.Tests\Blog\BlogPublicControllerTests.cs","BlogPublicControllerTests::BlogPublicControllerTests","BlogPublicControllerTests::BlogPublicControllerTests( BlogAdminWebApplicationFactory factory)",15,15
